warning: manifest out of date: source kind (git/path) of dependency 'batteries' changed; use `lake update batteries` to update it
warning: manifest out of date: source kind (git/path) of dependency 'Qq' changed; use `lake update Qq` to update it
warning: manifest out of date: source kind (git/path) of dependency 'aesop' changed; use `lake update aesop` to update it
warning: manifest out of date: source kind (git/path) of dependency 'proofwidgets' changed; use `lake update proofwidgets` to update it
warning: manifest out of date: source kind (git/path) of dependency 'Cli' changed; use `lake update Cli` to update it
warning: manifest out of date: source kind (git/path) of dependency 'importGraph' changed; use `lake update importGraph` to update it
warning: manifest out of date: source kind (git/path) of dependency 'REPL' changed; use `lake update REPL` to update it
⚠ [1/4675] Fetched proofwidgets:optRelease
info: proofwidgets: wanted prebuilt release, but repository URL not known; the package may need to set 'releaseRepo'
warning: failed to fetch cloud release; falling back to local build
✔ [868/4675] Built ProofWidgets.Component.Basic
✔ [869/4675] Built ProofWidgets.Component.MakeEditLink
✔ [870/4675] Built ProofWidgets.Component.Panel.Basic
✔ [871/4675] Built ProofWidgets.Component.Recharts
✔ [872/4675] Built ProofWidgets.Component.Panel.GoalTypePanel
✔ [873/4675] Built ProofWidgets.Data.Html
✔ [874/4675] Built ProofWidgets.Component.HtmlDisplay
✔ [875/4675] Built ProofWidgets.Component.OfRpcMethod
✔ [876/4675] Built ProofWidgets.Component.PenroseDiagram
✔ [877/4675] Built ProofWidgets.Component.FilterDetails
✔ [878/4675] Built Mathlib.Tactic.Widget.SelectPanelUtils
✔ [879/4675] Built ProofWidgets.Data.Svg
✔ [880/4675] Built ProofWidgets.Presentation.Expr
✔ [881/4675] Built Mathlib.Tactic.Widget.Congrm
✔ [882/4675] Built Mathlib.Tactic.Widget.Conv
✔ [883/4675] Built ProofWidgets.Component.InteractiveSvg
✔ [884/4675] Built Mathlib.Tactic.Widget.Calc
✔ [885/4675] Built ProofWidgets.Component.Panel.SelectionPanel
✔ [886/4675] Built ProofWidgets
✔ [887/4675] Built Mathlib.Tactic.Common
✔ [888/4675] Built Mathlib.Algebra.Quotient
✔ [889/4675] Built Mathlib.Data.Vector.Defs
✔ [890/4675] Built Mathlib.Order.Heyting.Boundary
✔ [891/4675] Built Mathlib.Control.Bifunctor
✔ [892/4675] Built Mathlib.Combinatorics.Quiver.Covering
✔ [893/4675] Built Mathlib.Data.Nat.Bitwise
✔ [894/4675] Built Mathlib.Data.Rat.Defs
✔ [895/4675] Built Mathlib.Algebra.Group.Action.Defs
✔ [896/4675] Built Mathlib.Order.Interval.Set.UnorderedInterval
✔ [897/4675] Built Mathlib.Data.Int.Sqrt
✔ [898/4675] Built Mathlib.CategoryTheory.Category.Basic
✔ [899/4675] Built Mathlib.Data.Set.Enumerate
✔ [900/4675] Built Mathlib.Algebra.Field.IsField
✔ [901/4675] Built Mathlib.Algebra.Group.WithOne.Defs
✔ [902/4675] Built Mathlib.Data.Fin.Basic
✔ [903/4675] Built Mathlib.Logic.Pairwise
✔ [904/4675] Built Mathlib.Algebra.Divisibility.Basic
✔ [905/4675] Built Mathlib.Data.Nat.Factorial.Basic
✔ [906/4675] Built Mathlib.Order.PiLex
✔ [907/4675] Built Mathlib.GroupTheory.GroupAction.Sum
✔ [908/4675] Built Mathlib.GroupTheory.GroupAction.Option
✔ [909/4675] Built Mathlib.GroupTheory.GroupAction.Sigma
✔ [910/4675] Built Mathlib.CategoryTheory.Category.KleisliCat
✔ [911/4675] Built Mathlib.Tactic.Widget.CommDiag
✔ [912/4675] Built Mathlib.CategoryTheory.Functor.Basic
✔ [913/4675] Built Mathlib.Algebra.Group.WithOne.Basic
✔ [914/4675] Built Mathlib.Control.Bitraversable.Basic
✔ [915/4675] Built Mathlib.Algebra.Group.Fin
✔ [916/4675] Built Mathlib.Logic.Equiv.Functor
✔ [917/4675] Built Mathlib.GroupTheory.GroupAction.Ring
✔ [918/4675] Built Mathlib.Order.Interval.Set.OrderEmbedding
✔ [919/4675] Built Mathlib.Tactic.CategoryTheory.Slice
✔ [920/4675] Built Mathlib.Algebra.Field.Equiv
✔ [921/4675] Built Mathlib.Logic.Equiv.Pairwise
✔ [922/4675] Built Mathlib.Data.List.Basic
✔ [923/4675] Built Mathlib.Order.Fin
✔ [924/4675] Built Mathlib.Data.Set.Pairwise.Basic
✔ [925/4675] Built Mathlib.Algebra.Group.Int
✔ [926/4675] Built Mathlib.Algebra.Group.Pi.Lemmas
✔ [927/4675] Built Mathlib.GroupTheory.GroupAction.Defs
✔ [928/4675] Built Mathlib.Algebra.Divisibility.Units
✔ [929/4675] Built Mathlib.CategoryTheory.Functor.Functorial
✔ [930/4675] Built Mathlib.Algebra.Order.Group.PiLex
✔ [931/4675] Built Mathlib.Algebra.Divisibility.Prod
✔ [932/4675] Built Mathlib.Algebra.EuclideanDomain.Defs
✔ [933/4675] Built Mathlib.Algebra.Ring.Divisibility.Basic
✔ [934/4675] Built Mathlib.Algebra.GroupWithZero.WithZero
✔ [935/4675] Built Mathlib.Control.Bitraversable.Lemmas
✔ [936/4675] Built Mathlib.Data.Bool.AllAny
✔ [937/4675] Built Mathlib.Data.List.ReduceOption
✔ [938/4675] Built Mathlib.Data.Nat.Choose.Basic
✔ [939/4675] Built Mathlib.Data.List.Palindrome
✔ [940/4675] Built Mathlib.Data.List.Join
✔ [941/4675] Built Mathlib.Data.List.Lattice
✔ [942/4675] Built Mathlib.Data.List.Count
✔ [943/4675] Built Mathlib.Data.List.InsertNth
✔ [944/4675] Built Mathlib.Data.List.Enum
✔ [945/4675] Built Mathlib.Data.Set.Lattice
✔ [946/4675] Built Mathlib.Data.List.Pairwise
✔ [947/4675] Built Mathlib.Data.List.Infix
✔ [948/4675] Built Mathlib.Data.List.Forall2
✔ [949/4675] Built Mathlib.Data.Array.Lemmas
✔ [950/4675] Built Mathlib.Data.List.Lex
✔ [951/4675] Built Mathlib.Data.List.ProdSigma
✔ [952/4675] Built Mathlib.Control.ULiftable
✔ [953/4675] Built Mathlib.Tactic.CategoryTheory.Reassoc
✔ [954/4675] Built Mathlib.Data.Stream.Init
✔ [955/4675] Built Mathlib.Algebra.Ring.Hom.Basic
✔ [956/4675] Built Mathlib.Data.Nat.Cast.Basic
✔ [957/4675] Built Mathlib.GroupTheory.GroupAction.Pi
✔ [958/4675] Built Mathlib.Data.List.MinMax
✔ [959/4675] Built Mathlib.Algebra.Free
✔ [960/4675] Built Mathlib.GroupTheory.GroupAction.Opposite
✔ [961/4675] Built Mathlib.Data.Fin.Tuple.Basic
✔ [962/4675] Built Mathlib.GroupTheory.GroupAction.Prod
✔ [963/4675] Built Mathlib.Algebra.Order.Group.Int
✔ [964/4675] Built Mathlib.Algebra.GroupWithZero.Divisibility
✔ [965/4675] Built Mathlib.GroupTheory.GroupAction.Units
✔ [966/4675] Built Mathlib.Data.List.Permutation
✔ [967/4675] Built Mathlib.Data.Set.Accumulate
✔ [968/4675] Built Mathlib.Order.Concept
✔ [969/4675] Built Mathlib.Data.Semiquot
✔ [970/4675] Built Mathlib.GroupTheory.GroupAction.DomAct.Basic
✔ [971/4675] Built Mathlib.Data.List.Sections
✔ [972/4675] Built Mathlib.Control.Bitraversable.Instances
✔ [973/4675] Built Mathlib.Data.List.DropRight
✔ [974/4675] Built Mathlib.Order.Interval.Set.Disjoint
✔ [975/4675] Built Mathlib.Data.List.Zip
✔ [976/4675] Built Mathlib.Data.Nat.Pairing
✔ [977/4675] Built Mathlib.Order.Interval.Set.Pi
✔ [978/4675] Built Mathlib.Data.Set.Sigma
✔ [979/4675] Built Mathlib.Order.Antichain
✔ [980/4675] Built Mathlib.Algebra.Ring.WithZero
✔ [981/4675] Built Mathlib.Algebra.Ring.Pi
✔ [982/4675] Built Mathlib.Logic.Small.Set
✔ [983/4675] Built Mathlib.Data.Set.Pairwise.Lattice
✔ [984/4675] Built Mathlib.Data.Set.UnionLift
✔ [985/4675] Built Mathlib.Data.List.Lemmas
✔ [986/4675] Built Mathlib.Order.ConditionallyCompleteLattice.Basic
✔ [987/4675] Built Mathlib.CategoryTheory.NatTrans
✔ [988/4675] Built Mathlib.Order.Chain
✔ [989/4675] Built Mathlib.Order.Hom.CompleteLattice
✔ [990/4675] Built Mathlib.CategoryTheory.Iso
✔ [991/4675] Built Mathlib.Tactic.Monotonicity.Lemmas
✔ [992/4675] Built Mathlib.Data.Rel
✔ [993/4675] Built Mathlib.Control.Random
✔ [994/4675] Built Mathlib.Order.Interval.Basic
✔ [995/4675] Built Mathlib.Algebra.Group.Subsemigroup.Basic
✔ [996/4675] Built Mathlib.Data.List.Nodup
✔ [997/4675] Built Mathlib.Order.Closure
✔ [998/4675] Built Mathlib.Data.List.Chain
✔ [999/4675] Built Mathlib.Data.Set.Functor
✔ [1000/4675] Built Mathlib.Data.Seq.Computation
✔ [1001/4675] Built Mathlib.Data.String.Basic
✔ [1002/4675] Built Mathlib.Data.List.EditDistance.Bounds
✔ [1003/4675] Built Mathlib.Algebra.GroupWithZero.Units.Lemmas
✔ [1004/4675] Built Mathlib.Data.List.OfFn
✔ [1005/4675] Built Mathlib.Algebra.GroupPower.IterateHom
✔ [1006/4675] Built Mathlib.Logic.Equiv.Nat
✔ [1007/4675] Built Mathlib.Algebra.SMulWithZero
✔ [1008/4675] Built Mathlib.Order.Monotone.Extension
✔ [1009/4675] Built Mathlib.Algebra.Ring.Parity
✔ [1010/4675] Built Mathlib.Order.Zorn
✔ [1011/4675] Built Mathlib.Order.Copy
✔ [1012/4675] Built Mathlib.Algebra.Order.Group.Action
✔ [1013/4675] Built Mathlib.Algebra.EuclideanDomain.Basic
✔ [1014/4675] Built Mathlib.Algebra.Order.Pi
✔ [1015/4675] Built Mathlib.Tactic.Monotonicity
✔ [1016/4675] Built Mathlib.Order.Interval.Set.OrdConnected
✔ [1017/4675] Built Mathlib.Order.OrdContinuous
✔ [1018/4675] Built Mathlib.Algebra.Order.GroupWithZero.Canonical
✔ [1019/4675] Built Mathlib.Testing.SlimCheck.Gen
✔ [1020/4675] Built Mathlib.CategoryTheory.ClosedUnderIsomorphisms
✔ [1021/4675] Built Mathlib.Data.PFun
✔ [1022/4675] Built Mathlib.Algebra.Group.Subsemigroup.Membership
✔ [1023/4675] Built Mathlib.Data.Prod.TProd
✔ [1024/4675] Built Mathlib.Data.List.Duplicate
✔ [1025/4675] Built Mathlib.CategoryTheory.Functor.Category
✔ [1026/4675] Built Mathlib.Data.List.Dedup
✔ [1027/4675] Built Mathlib.Order.ConditionallyCompleteLattice.Group
✔ [1028/4675] Built Mathlib.Data.List.Destutter
✔ [1029/4675] Built Mathlib.Control.Traversable.Instances
✔ [1030/4675] Built Mathlib.Algebra.Order.Kleene
✔ [1031/4675] Built Mathlib.Algebra.Group.Submonoid.Basic
✔ [1032/4675] Built Mathlib.Data.Set.Subset
✔ [1033/4675] Built Mathlib.Algebra.Group.Subsemigroup.Operations
✔ [1034/4675] Built Mathlib.Order.Extension.Linear
✔ [1035/4675] Built Mathlib.Data.List.Rotate
✔ [1036/4675] Built Mathlib.Data.Seq.Seq
✔ [1037/4675] Built Mathlib.Data.List.EditDistance.Estimator
✔ [1038/4675] Built Mathlib.Algebra.Ring.Int
✔ [1039/4675] Built Mathlib.Algebra.Order.Ring.Canonical
✔ [1040/4675] Built Mathlib.Data.Nat.EvenOddRec
✔ [1041/4675] Built Mathlib.Algebra.Associated
✔ [1042/4675] Built Mathlib.Data.List.Sort
✔ [1043/4675] Built Mathlib.Order.CompleteLatticeIntervals
✔ [1044/4675] Built Mathlib.Order.Interval.Set.ProjIcc
✔ [1045/4675] Built Mathlib.Algebra.Order.Ring.Basic
✔ [1046/4675] Built Mathlib.Data.List.Range
✔ [1047/4675] Built Mathlib.Order.Interval.Set.OrdConnectedComponent
✔ [1048/4675] Built Mathlib.GroupTheory.Perm.Basic
✔ [1049/4675] Built Mathlib.Algebra.Order.GroupWithZero.WithZero
✔ [1050/4675] Built Mathlib.Order.SemiconjSup
✔ [1051/4675] Built Mathlib.Order.Cover
✔ [1052/4675] Built Mathlib.Algebra.Order.Hom.Monoid
✔ [1053/4675] Built Mathlib.CategoryTheory.Thin
✔ [1054/4675] Built Mathlib.Algebra.Field.Basic
✔ [1055/4675] Built Mathlib.CategoryTheory.Functor.Trifunctor
✔ [1056/4675] Built Mathlib.CategoryTheory.NatIso
✔ [1057/4675] Built Mathlib.Algebra.Order.Monoid.ToMulBot
✔ [1058/4675] Built Mathlib.Data.DList.Instances
✔ [1059/4675] Built Mathlib.GroupTheory.Subsemigroup.Center
✔ [1060/4675] Built Mathlib.Algebra.Group.Submonoid.MulOpposite
✔ [1061/4675] Built Mathlib.Algebra.Field.Power
✔ [1062/4675] Built Mathlib.Algebra.EuclideanDomain.Instances
✔ [1063/4675] Built Mathlib.Data.Int.Cast.Field
✔ [1064/4675] Built Mathlib.RingTheory.OreLocalization.OreSet
✔ [1065/4675] Built Mathlib.Algebra.ContinuedFractions.Basic
✔ [1066/4675] Built Mathlib.Data.List.NodupEquivFin
✔ [1067/4675] Built Mathlib.Data.LazyList.Basic
✔ [1068/4675] Built Mathlib.Algebra.Group.NatPowAssoc
✔ [1069/4675] Built Mathlib.Algebra.Ring.Rat
✔ [1070/4675] Built Mathlib.Data.Int.Associated
✔ [1071/4675] Built Mathlib.Data.List.FinRange
✔ [1072/4675] Built Mathlib.Data.Seq.WSeq
✔ [1073/4675] Built Mathlib.Data.List.NatAntidiagonal
✔ [1074/4675] Built Mathlib.Data.List.Indexes
✔ [1075/4675] Built Mathlib.Algebra.Group.Aut
✔ [1076/4675] Built Mathlib.Order.UpperLower.Basic
✔ [1077/4675] Built Mathlib.Data.Fin.VecNotation
✔ [1078/4675] Built Mathlib.Algebra.Order.Field.Canonical.Defs
✔ [1079/4675] Built Mathlib.Data.Int.Bitwise
✔ [1080/4675] Built Mathlib.Dynamics.FixedPoints.Basic
✔ [1081/4675] Built Mathlib.Data.List.Perm
✔ [1082/4675] Built Mathlib.Algebra.Order.Ring.WithTop
✔ [1083/4675] Built Mathlib.Data.Int.Cast.Lemmas
✔ [1084/4675] Built Mathlib.Algebra.Group.Support
✔ [1085/4675] Built Mathlib.GroupTheory.Perm.ViaEmbedding
✔ [1086/4675] Built Mathlib.Data.List.Intervals
✔ [1087/4675] Built Mathlib.Algebra.Order.Ring.Nat
✔ [1088/4675] Built Mathlib.Algebra.Order.Ring.Int
✔ [1089/4675] Built Mathlib.Data.Fin.FlagRange
✔ [1090/4675] Built Mathlib.Algebra.Group.Submonoid.Operations
✔ [1091/4675] Built Mathlib.Algebra.Order.Interval.Set.Instances
✔ [1092/4675] Built Mathlib.Algebra.GCDMonoid.Basic
✔ [1093/4675] Built Mathlib.Order.ModularLattice
✔ [1094/4675] Built Mathlib.Tactic.NormNum.Basic
✔ [1095/4675] Built Mathlib.CategoryTheory.Bicategory.Basic
✔ [1096/4675] Built Mathlib.CategoryTheory.Functor.FullyFaithful
✔ [1097/4675] Built Mathlib.Algebra.Order.Field.InjSurj
✔ [1098/4675] Built Mathlib.Order.SuccPred.Basic
✔ [1099/4675] Built Mathlib.GroupTheory.Subsemigroup.Centralizer
✔ [1100/4675] Built Mathlib.Algebra.Order.Field.Canonical.Basic
✔ [1101/4675] Built Mathlib.Logic.Function.FromTypes
✔ [1102/4675] Built Mathlib.Data.Fin.Tuple.Monotone
✔ [1103/4675] Built Mathlib.Algebra.ContinuedFractions.Translations
✔ [1104/4675] Built Mathlib.Algebra.Group.Conj
✔ [1105/4675] Built Mathlib.Order.UpperLower.Hom
✔ [1106/4675] Built Mathlib.Data.Seq.Parallel
✔ [1107/4675] Built Mathlib.Data.Nat.Upto
✔ [1108/4675] Built Mathlib.Data.Nat.Dist
✔ [1109/4675] Built Mathlib.Algebra.Ring.Center
✔ [1110/4675] Built Mathlib.Logic.Equiv.Fin
✔ [1111/4675] Built Mathlib.Algebra.Field.Opposite
✔ [1112/4675] Built Mathlib.Data.List.Sigma
✔ [1113/4675] Built Mathlib.Data.Int.Range
✔ [1114/4675] Built Mathlib.Data.Int.LeastGreatest
✔ [1115/4675] Built Mathlib.Data.List.Iterate
✔ [1116/4675] Built Mathlib.Order.FixedPoints
✔ [1117/4675] Built Mathlib.Algebra.Group.Indicator
✔ [1118/4675] Built Mathlib.Algebra.Tropical.Basic
✔ [1119/4675] Built Mathlib.Data.Nat.Cast.Order
✔ [1120/4675] Built Mathlib.Order.OmegaCompletePartialOrder
✔ [1121/4675] Built Mathlib.SetTheory.Lists
✔ [1122/4675] Built Mathlib.Data.List.Sublists
✔ [1123/4675] Built Mathlib.Data.Nat.WithBot
✔ [1124/4675] Built Mathlib.Data.Bool.Count
✔ [1125/4675] Built Mathlib.Algebra.Order.Ring.Rat
✔ [1126/4675] Built Mathlib.Order.Minimal
✔ [1127/4675] Built Mathlib.Algebra.Module.Defs
✔ [1128/4675] Built Mathlib.Data.Nat.MaxPowDiv
✔ [1129/4675] Built Mathlib.Data.Nat.GCD.Basic
✔ [1130/4675] Built Mathlib.GroupTheory.Submonoid.Center
✔ [1131/4675] Built Mathlib.Algebra.Homology.Embedding.Basic
✔ [1132/4675] Built Mathlib.Data.Int.CharZero
✔ [1133/4675] Built Mathlib.RingTheory.OreLocalization.Basic
✔ [1134/4675] Built Mathlib.GroupTheory.GroupAction.Group
✔ [1135/4675] Built Mathlib.GroupTheory.Congruence.Basic
✔ [1136/4675] Built Mathlib.Tactic.CancelDenoms.Core
✔ [1137/4675] Built Mathlib.Algebra.Order.Interval.Set.Group
✔ [1138/4675] Built Mathlib.Tactic.NormNum.Pow
✔ [1139/4675] Built Mathlib.Testing.SlimCheck.Sampleable
✔ [1140/4675] Built Mathlib.Data.Rat.Lemmas
✔ [1141/4675] Built Mathlib.Algebra.BigOperators.Group.List
✔ [1142/4675] Built Mathlib.CategoryTheory.Bicategory.Functor.Oplax
✔ [1143/4675] Built Mathlib.CategoryTheory.FullSubcategory
✔ [1144/4675] Built Mathlib.Data.Set.Pointwise.Basic
✔ [1145/4675] Built Mathlib.Order.SuccPred.Relation
✔ [1146/4675] Built Mathlib.Algebra.Order.Monoid.Submonoid
✔ [1147/4675] Built Mathlib.Data.Nat.SuccPred
✔ [1148/4675] Built Mathlib.Order.Interval.Set.Monotone
✔ [1149/4675] Built Mathlib.CategoryTheory.Whiskering
✔ [1150/4675] Built Mathlib.Order.SuccPred.IntervalSucc
✔ [1151/4675] Built Mathlib.Data.Fin.SuccPred
✔ [1152/4675] Built Mathlib.Order.Atoms
✔ [1153/4675] Built Mathlib.Logic.Function.OfArity
✔ [1154/4675] Built Mathlib.Algebra.ContinuedFractions.ContinuantsRecurrence
✔ [1155/4675] Built Mathlib.Algebra.ContinuedFractions.TerminatedStable
✔ [1156/4675] Built Mathlib.Data.PNat.Basic
✔ [1157/4675] Built Mathlib.Data.Multiset.Basic
✔ [1158/4675] Built Mathlib.Order.SuccPred.Limit
✔ [1159/4675] Built Mathlib.Algebra.Ring.Fin
✔ [1160/4675] Built Mathlib.Data.List.AList
✔ [1161/4675] Built Mathlib.Order.CompletePartialOrder
✔ [1162/4675] Built Mathlib.Data.Int.ConditionallyCompleteOrder
✔ [1163/4675] Built Mathlib.Algebra.GroupWithZero.Conj
✔ [1164/4675] Built Mathlib.Algebra.Order.Invertible
✔ [1165/4675] Built Mathlib.Algebra.Order.Ring.Cast
✔ [1166/4675] Built Mathlib.Algebra.Order.Ring.Pow
✔ [1167/4675] Built Mathlib.Algebra.Order.Ring.Abs
✔ [1168/4675] Built Mathlib.Algebra.GroupWithZero.Indicator
✔ [1169/4675] Built Mathlib.Algebra.Module.MinimalAxioms
✔ [1170/4675] Built Mathlib.Data.Countable.Basic
✔ [1171/4675] Built Mathlib.SetTheory.Cardinal.SchroederBernstein
✔ [1172/4675] Built Mathlib.Data.Nat.Cast.SetInterval
✔ [1173/4675] Built Mathlib.GroupTheory.Submonoid.Centralizer
✔ [1174/4675] Built Mathlib.Control.Fix
✔ [1175/4675] Built Mathlib.Tactic.Linarith.Lemmas
✔ [1176/4675] Built Mathlib.Algebra.Tropical.Lattice
✔ [1177/4675] Built Mathlib.Algebra.Module.Prod
✔ [1178/4675] Built Mathlib.Testing.SlimCheck.Testable
✔ [1179/4675] Built Mathlib.Data.Int.GCD
✔ [1180/4675] Built Mathlib.Data.Nat.Prime
✔ [1181/4675] Built Mathlib.GroupTheory.GroupAction.Embedding
✔ [1182/4675] Built Mathlib.Algebra.Ring.AddAut
✔ [1183/4675] Built Mathlib.GroupTheory.Congruence.Opposite
✔ [1184/4675] Built Mathlib.Algebra.Order.Group.Indicator
✔ [1185/4675] Built Mathlib.Algebra.Order.Module.Synonym
✔ [1186/4675] Built Mathlib.Algebra.Order.Nonneg.Ring
✔ [1187/4675] Built Mathlib.Algebra.Ring.Action.Basic
✔ [1188/4675] Built Mathlib.Algebra.Module.Hom
✔ [1189/4675] Built Mathlib.CategoryTheory.EssentialImage
✔ [1190/4675] Built Mathlib.CategoryTheory.Bicategory.NaturalTransformation
✔ [1191/4675] Built Mathlib.Data.Set.Semiring
✔ [1192/4675] Built Mathlib.Algebra.Order.BigOperators.Ring.List
✔ [1193/4675] Built Mathlib.Data.List.Prime
✔ [1194/4675] Built Mathlib.CategoryTheory.Bicategory.Functor.Pseudofunctor
✔ [1195/4675] Built Mathlib.Data.Int.SuccPred
✔ [1196/4675] Built Mathlib.Order.ZornAtoms
✔ [1197/4675] Built Mathlib.Order.Radical
✔ [1198/4675] Built Mathlib.Data.Set.Pointwise.ListOfFn
✔ [1199/4675] Built Mathlib.Algebra.Order.BigOperators.Group.List
✔ [1200/4675] Built Mathlib.Data.Fin.Tuple.Curry
✔ [1201/4675] Built Mathlib.Data.Multiset.Range
✔ [1202/4675] Built Mathlib.Algebra.FreeMonoid.Basic
✔ [1203/4675] Built Mathlib.Data.Multiset.Sort
✔ [1204/4675] Built Mathlib.Data.PNat.Find
✔ [1205/4675] Built Mathlib.Algebra.BigOperators.Group.Multiset
✔ [1206/4675] Built Mathlib.Algebra.Bounds
✔ [1207/4675] Built Mathlib.Order.SuccPred.CompleteLinearOrder
✔ [1208/4675] Built Mathlib.Data.Int.Order.Units
✔ [1209/4675] Built Mathlib.CategoryTheory.Sigma.Basic
✔ [1210/4675] Built Mathlib.Data.Set.Pointwise.SMul
✔ [1211/4675] Built Mathlib.Data.Int.Order.Lemmas
✔ [1212/4675] Built Mathlib.Algebra.Group.PNatPowAssoc
✔ [1213/4675] Built Mathlib.Data.Int.NatPrime
✔ [1214/4675] Built Mathlib.Algebra.GCDMonoid.Nat
✔ [1215/4675] Built Mathlib.Algebra.BigOperators.Ring.List
✔ [1216/4675] Built Mathlib.Data.Nat.Choose.Dvd
✔ [1217/4675] Built Mathlib.Control.LawfulFix
✔ [1218/4675] Built Mathlib.SetTheory.ZFC.Basic
✔ [1219/4675] Built Mathlib.Tactic.SlimCheck
✔ [1220/4675] Built Mathlib.Data.PNat.Prime
✔ [1221/4675] Built Mathlib.Algebra.Order.Nonneg.Field
✔ [1222/4675] Built Mathlib.Tactic.NormNum.Prime
✔ [1223/4675] Built Mathlib.Algebra.GradedMonoid
✔ [1224/4675] Built Mathlib.Data.Vector.Basic
✔ [1225/4675] Built Mathlib.Data.Rat.Sqrt
✔ [1226/4675] Built Mathlib.CategoryTheory.Bicategory.FunctorBicategory
✔ [1227/4675] Built Mathlib.Tactic.Positivity.Core
✔ [1228/4675] Built Mathlib.Algebra.Ring.Aut
✔ [1229/4675] Built Mathlib.Logic.Encodable.Basic
✔ [1230/4675] Built Mathlib.Algebra.FreeMonoid.Count
✔ [1231/4675] Built Mathlib.Tactic.Qify
✔ [1232/4675] Built Mathlib.Data.Multiset.Nodup
✔ [1233/4675] Built Mathlib.CategoryTheory.Bicategory.Free
✔ [1234/4675] Built Mathlib.Order.Grade
✔ [1235/4675] Built Mathlib.Algebra.PUnitInstances
✔ [1236/4675] Built Mathlib.GroupTheory.GroupAction.Support
✔ [1237/4675] Built Mathlib.Algebra.Group.Subgroup.Basic
✔ [1238/4675] Built Mathlib.Algebra.AddTorsor
✔ [1239/4675] Built Mathlib.CategoryTheory.Equivalence
✔ [1240/4675] Built Mathlib.Data.Set.Pointwise.Support
✔ [1241/4675] Built Mathlib.Algebra.Order.BigOperators.Ring.Multiset
✔ [1242/4675] Built Mathlib.Algebra.Module.PointwisePi
✔ [1243/4675] Built Mathlib.RingTheory.Congruence
✔ [1244/4675] Built Mathlib.Data.Set.Pointwise.Iterate
✔ [1245/4675] Built Mathlib.SetTheory.ZFC.Ordinal
✔ [1246/4675] Built Mathlib.GroupTheory.GroupAction.Hom
✔ [1247/4675] Built Mathlib.Algebra.GradedMulAction
✔ [1248/4675] Built Mathlib.Data.Vector.Mem
✔ [1249/4675] Built Mathlib.Algebra.Order.UpperLower
✔ [1250/4675] Built Mathlib.Data.Vector.Snoc
✔ [1251/4675] Built Mathlib.Logic.Small.List
✔ [1252/4675] Built Mathlib.Data.Nat.ModEq
✔ [1253/4675] Built Mathlib.Data.Int.Lemmas
✔ [1254/4675] Built Mathlib.Data.Vector.Zip
✔ [1255/4675] Built Mathlib.Data.Num.Bitwise
✔ [1256/4675] Built Mathlib.Data.Multiset.Sum
✔ [1257/4675] Built Mathlib.Data.Multiset.Dedup
✔ [1258/4675] Built Mathlib.Tactic.GCongr
✔ [1259/4675] Built Mathlib.Data.Multiset.NatAntidiagonal
✔ [1260/4675] Built Mathlib.Tactic.CategoryTheory.BicategoryCoherence
✔ [1261/4675] Built Mathlib.GroupTheory.Subgroup.Simple
✔ [1262/4675] Built Mathlib.LinearAlgebra.AffineSpace.Basic
✔ [1263/4675] Built Mathlib.Data.Sym.Basic
✔ [1264/4675] Built Mathlib.AlgebraicTopology.DoldKan.Compatibility
✔ [1265/4675] Built Mathlib.Algebra.Order.Field.Basic
✔ [1266/4675] Built Mathlib.CategoryTheory.CatCommSq
✔ [1267/4675] Built Mathlib.Algebra.Group.Subgroup.Order
✔ [1268/4675] Built Mathlib.Data.Rat.Encodable
✔ [1269/4675] Built Mathlib.Algebra.Order.Module.Defs
✔ [1270/4675] Built Mathlib.Logic.Encodable.Lattice
✔ [1271/4675] Built Mathlib.GroupTheory.Subgroup.Saturated
✔ [1272/4675] Built Mathlib.Data.Nat.Factors
✔ [1273/4675] Built Mathlib.CategoryTheory.Adjunction.Basic
✔ [1274/4675] Built Mathlib.GroupTheory.Subgroup.Center
✔ [1275/4675] Built Mathlib.Algebra.Ring.Action.Subobjects
✔ [1276/4675] Built Mathlib.CategoryTheory.Opposites
✔ [1277/4675] Built Mathlib.Algebra.Ring.Subring.Units
✔ [1278/4675] Built Mathlib.Tactic.FieldSimp
✔ [1279/4675] Built Mathlib.Algebra.Group.Subgroup.MulOpposite
✔ [1280/4675] Built Mathlib.GroupTheory.SemidirectProduct
✔ [1281/4675] Built Mathlib.GroupTheory.GroupAction.Pointwise
✔ [1282/4675] Built Mathlib.GroupTheory.GroupAction.DomAct.ActionHom
✔ [1283/4675] Built Mathlib.Order.Ideal
✔ [1284/4675] Built Mathlib.Algebra.Regular.SMul
✔ [1285/4675] Built Mathlib.Data.Multiset.FinsetOps
✔ [1286/4675] Built Mathlib.Data.NNRat.Defs
✔ [1287/4675] Built Mathlib.Data.Vector.MapLemmas
✔ [1288/4675] Built Mathlib.Tactic.Widget.Gcongr
✔ [1289/4675] Built Mathlib.Data.Multiset.Bind
✔ [1290/4675] Built Mathlib.Algebra.Group.Subgroup.Actions
✔ [1291/4675] Built Mathlib.CategoryTheory.Adjunction.Unique
✔ [1292/4675] Built Mathlib.CategoryTheory.Adjunction.Whiskering
✔ [1293/4675] Built Mathlib.CategoryTheory.Functor.Const
✔ [1294/4675] Built Mathlib.CategoryTheory.EqToHom
✔ [1295/4675] Built Mathlib.Algebra.Order.Pointwise
✔ [1296/4675] Built Mathlib.Data.Nat.Choose.Bounds
✔ [1297/4675] Built Mathlib.Data.Nat.Cast.Field
✔ [1298/4675] Built Mathlib.GroupTheory.Subgroup.Centralizer
✔ [1299/4675] Built Mathlib.Data.PNat.Factors
✔ [1300/4675] Built Mathlib.Algebra.Order.Module.Pointwise
✔ [1301/4675] Built Mathlib.Order.PFilter
✔ [1302/4675] Built Mathlib.Order.Interval.Set.IsoIoo
✔ [1303/4675] Built Mathlib.Algebra.Field.Rat
✔ [1304/4675] Built Mathlib.Data.Multiset.Sections
✔ [1305/4675] Built Mathlib.Data.Multiset.Pi
✔ [1306/4675] Built Mathlib.Data.Multiset.Fold
✔ [1307/4675] Built Mathlib.Data.Num.Lemmas
✔ [1308/4675] Built Mathlib.Algebra.Module.Pi
✔ [1309/4675] Built Mathlib.Data.Set.Pointwise.Interval
✔ [1310/4675] Built Mathlib.Data.Multiset.Powerset
✔ [1311/4675] Built Mathlib.CategoryTheory.Quotient
✔ [1312/4675] Built Mathlib.Algebra.CharZero.Lemmas
✔ [1313/4675] Built Mathlib.CategoryTheory.Sums.Basic
✔ [1314/4675] Built Mathlib.Algebra.Group.Subgroup.ZPowers
✔ [1315/4675] Built Mathlib.CategoryTheory.Bicategory.Strict
✔ [1316/4675] Built Mathlib.Order.PrimeIdeal
✔ [1317/4675] Built Mathlib.Data.Multiset.Functor
✔ [1318/4675] Built Mathlib.CategoryTheory.Category.ULift
✔ [1319/4675] Built Mathlib.Tactic.Positivity.Basic
✔ [1320/4675] Built Mathlib.Data.Finset.Basic
✔ [1321/4675] Built Mathlib.CategoryTheory.Category.Preorder
✔ [1322/4675] Built Mathlib.Algebra.GCDMonoid.Multiset
✔ [1323/4675] Built Mathlib.Data.Multiset.Lattice
✔ [1324/4675] Built Mathlib.Algebra.Order.BigOperators.Group.Multiset
✔ [1325/4675] Built Mathlib.Data.Multiset.Antidiagonal
✔ [1326/4675] Built Mathlib.CategoryTheory.PathCategory
✔ [1327/4675] Built Mathlib.CategoryTheory.Comma.Basic
✔ [1328/4675] Built Mathlib.Algebra.Order.Field.Rat
✔ [1329/4675] Built Mathlib.CategoryTheory.Sums.Associator
✔ [1330/4675] Built Mathlib.Order.PrimeSeparator
✔ [1331/4675] Built Mathlib.Data.Finset.Update
✔ [1332/4675] Built Mathlib.Data.ENat.Basic
✔ [1333/4675] Built Mathlib.Data.Finset.Order
✔ [1334/4675] Built Mathlib.Algebra.Order.Hom.Basic
✔ [1335/4675] Built Mathlib.Data.Set.Constructions
✔ [1336/4675] Built Mathlib.Tactic.Positivity
✔ [1337/4675] Built Mathlib.Data.Finset.Union
✔ [1338/4675] Built Mathlib.CategoryTheory.Products.Basic
✔ [1339/4675] Built Mathlib.Algebra.Order.Module.OrderedSMul
✔ [1340/4675] Built Mathlib.Algebra.Order.Field.Power
✔ [1341/4675] Built Mathlib.CategoryTheory.Category.GaloisConnection
✔ [1342/4675] Built Mathlib.Algebra.BigOperators.Ring.Multiset
✔ [1343/4675] Built Mathlib.CategoryTheory.Functor.OfSequence
✔ [1344/4675] Built Mathlib.Data.NNRat.Lemmas
✔ [1345/4675] Built Mathlib.Algebra.Module.Basic
✔ [1346/4675] Built Mathlib.Data.Rat.Cast.Defs
✔ [1347/4675] Built Mathlib.CategoryTheory.Comma.Arrow
✔ [1348/4675] Built Mathlib.CategoryTheory.Products.Bifunctor
✔ [1349/4675] Built Mathlib.CategoryTheory.Products.Associator
✔ [1350/4675] Built Mathlib.Data.Finset.Image
✔ [1351/4675] Built Mathlib.Algebra.Order.AbsoluteValue
✔ [1352/4675] Built Mathlib.Algebra.Order.Nonneg.Module
✔ [1353/4675] Built Mathlib.CategoryTheory.Pi.Basic
✔ [1354/4675] Built Mathlib.CategoryTheory.CommSq
✔ [1355/4675] Built Mathlib.Data.Rat.Cast.CharZero
✔ [1356/4675] Built Mathlib.CategoryTheory.Functor.Currying
✔ [1357/4675] Built Mathlib.Data.Rat.Cast.Lemmas
✔ [1358/4675] Built Mathlib.CategoryTheory.Monoidal.Category
✔ [1359/4675] Built Mathlib.Algebra.Order.Monovary
✔ [1360/4675] Built Mathlib.Data.Finset.Pi
✔ [1361/4675] Built Mathlib.Data.Finset.Card
✔ [1362/4675] Built Mathlib.Data.Finset.Fold
✔ [1363/4675] Built Mathlib.Algebra.Order.EuclideanAbsoluteValue
✔ [1364/4675] Built Mathlib.Data.Int.AbsoluteValue
✔ [1365/4675] Built Mathlib.CategoryTheory.LiftingProperties.Basic
✔ [1366/4675] Built Mathlib.Algebra.Star.Basic
✔ [1367/4675] Built Mathlib.Data.Fintype.Basic
✔ [1368/4675] Built Mathlib.CategoryTheory.FiberedCategory.HomLift
✔ [1369/4675] Built Mathlib.CategoryTheory.MorphismProperty.Basic
✔ [1370/4675] Built Mathlib.CategoryTheory.Groupoid
✔ [1371/4675] Built Mathlib.Tactic.NormNum.OfScientific
✔ [1372/4675] Built Mathlib.Tactic.CategoryTheory.MonoidalComp
✔ [1373/4675] Built Mathlib.Data.Finset.Fin
✔ [1374/4675] Built Mathlib.Data.Finset.Option
✔ [1375/4675] Built Mathlib.Data.Finset.Prod
✔ [1376/4675] Built Mathlib.Tactic.NormNum.Inv
✔ [1377/4675] Built Mathlib.CategoryTheory.Bicategory.End
✔ [1378/4675] Built Mathlib.Data.Finset.Sum
✔ [1379/4675] Built Mathlib.CategoryTheory.DiscreteCategory
✔ [1380/4675] Built Mathlib.Data.Fintype.Quotient
✔ [1381/4675] Built Mathlib.Algebra.GCDMonoid.Finset
✔ [1382/4675] Built Mathlib.Data.Rat.Cast.Order
✔ [1383/4675] Built Mathlib.Algebra.Star.Pi
✔ [1384/4675] Built Mathlib.CategoryTheory.MorphismProperty.Composition
✔ [1385/4675] Built Mathlib.CategoryTheory.LiftingProperties.Adjunction
✔ [1386/4675] Built Mathlib.Tactic.FinCases
✔ [1387/4675] Built Mathlib.Data.Fintype.Pi
✔ [1388/4675] Built Mathlib.CategoryTheory.EpiMono
✔ [1389/4675] Built Mathlib.Control.EquivFunctor.Instances
✔ [1390/4675] Built Mathlib.Algebra.Star.Prod
✔ [1391/4675] Built Mathlib.Data.Finset.Piecewise
✔ [1392/4675] Built Mathlib.Tactic.NormNum.Eq
✔ [1393/4675] Built Mathlib.Data.Fin.Fin2
✔ [1394/4675] Built Mathlib.CategoryTheory.Groupoid.Basic
✔ [1395/4675] Built Mathlib.Data.FinEnum
✔ [1396/4675] Built Mathlib.CategoryTheory.Endomorphism
✔ [1397/4675] Built Mathlib.Data.Finset.PImage
✔ [1398/4675] Built Mathlib.CategoryTheory.Groupoid.VertexGroup
✔ [1399/4675] Built Mathlib.Data.Fintype.Card
✔ [1400/4675] Built Mathlib.GroupTheory.FreeGroup.Basic
✔ [1401/4675] Built Mathlib.CategoryTheory.MorphismProperty.Factorization
✔ [1402/4675] Built Mathlib.Data.Sym.Sym2
✔ [1403/4675] Built Mathlib.CategoryTheory.PEmpty
✔ [1404/4675] Built Mathlib.CategoryTheory.Groupoid.FreeGroupoid
✔ [1405/4675] Built Mathlib.CategoryTheory.PUnit
✔ [1406/4675] Built Mathlib.CategoryTheory.Balanced
✔ [1407/4675] Built Mathlib.Algebra.Module.LinearMap.Basic
✔ [1408/4675] Built Mathlib.Data.Fin.Tuple.Finset
✔ [1409/4675] Built Mathlib.Algebra.Star.SelfAdjoint
✔ [1410/4675] Built Mathlib.Data.Fintype.Vector
✔ [1411/4675] Built Mathlib.CategoryTheory.FinCategory.Basic
✔ [1412/4675] Built Mathlib.Tactic.Ring.Basic
✔ [1413/4675] Built Mathlib.CategoryTheory.Bicategory.LocallyDiscrete
✔ [1414/4675] Built Mathlib.CategoryTheory.Conj
✔ [1415/4675] Built Mathlib.Data.Fintype.Parity
✔ [1416/4675] Built Mathlib.Data.Finite.Set
✔ [1417/4675] Built Mathlib.Algebra.CharZero.Infinite
✔ [1418/4675] Built Mathlib.Data.ZMod.Defs
✔ [1419/4675] Built Mathlib.GroupTheory.FreeGroup.IsFreeGroup
✔ [1420/4675] Built Mathlib.Combinatorics.SetFamily.Intersecting
✔ [1421/4675] Built Mathlib.Data.TypeVec
✔ [1422/4675] Built Mathlib.Tactic.Positivity.Finset
✔ [1423/4675] Built Mathlib.Data.Fintype.Option
✔ [1424/4675] Built Mathlib.Data.Finset.Lattice
✔ [1425/4675] Built Mathlib.Data.Fintype.Prod
✔ [1426/4675] Built Mathlib.CategoryTheory.Types
✔ [1427/4675] Built Mathlib.Data.Vector3
✔ [1428/4675] Built Mathlib.GroupTheory.Perm.Support
✔ [1429/4675] Built Mathlib.Data.Fintype.Sum
✔ [1430/4675] Built Mathlib.Order.GameAdd
✔ [1431/4675] Built Mathlib.Data.List.Sym
✔ [1432/4675] Built Mathlib.Tactic.NormNum.Ineq
✔ [1433/4675] Built Mathlib.CategoryTheory.Limits.Shapes.StrongEpi
✔ [1434/4675] Built Mathlib.Logic.Denumerable
✔ [1435/4675] Built Mathlib.Algebra.Module.LinearMap.End
✔ [1436/4675] Built Mathlib.CategoryTheory.FinCategory.AsType
✔ [1437/4675] Built Mathlib.Algebra.Star.Order
✔ [1438/4675] Built Mathlib.Algebra.Star.Unitary
✔ [1439/4675] Built Mathlib.CategoryTheory.IsConnected
✔ [1440/4675] Built Mathlib.CategoryTheory.Groupoid.Subgroupoid
✔ [1441/4675] Built Mathlib.CategoryTheory.Adjunction.Mates
✔ [1442/4675] Built Mathlib.Tactic.Ring.PNat
✔ [1443/4675] Built Mathlib.Data.UInt
✔ [1444/4675] Built Mathlib.Data.BitVec
✔ [1445/4675] Built Mathlib.Tactic.Linarith.Datatypes
✔ [1446/4675] Built Mathlib.CategoryTheory.Adjunction.Restrict
✔ [1447/4675] Built Mathlib.Order.Irreducible
✔ [1448/4675] Built Mathlib.Combinatorics.SetFamily.Compression.Down
✔ [1449/4675] Built Mathlib.Data.Finset.Pairwise
✔ [1450/4675] Built Mathlib.Data.Fintype.Lattice
✔ [1451/4675] Built Mathlib.CategoryTheory.Bicategory.Coherence
✔ [1452/4675] Built Mathlib.Algebra.Order.Ring.Finset
✔ [1453/4675] Built Mathlib.CategoryTheory.Core
✔ [1454/4675] Built Mathlib.Order.CountableDenseLinearOrder
✔ [1455/4675] Built Mathlib.CategoryTheory.Functor.Hom
✔ [1456/4675] Built Mathlib.CategoryTheory.UnivLE
✔ [1457/4675] Built Mathlib.Data.Finset.Sigma
✔ [1458/4675] Built Mathlib.Control.Functor.Multivariate
✔ [1459/4675] Built Mathlib.Data.Finset.Powerset
✔ [1460/4675] Built Mathlib.Algebra.Order.Field.Pi
✔ [1461/4675] Built Mathlib.Data.Finset.Sort
✔ [1462/4675] Built Mathlib.GroupTheory.Perm.List
✔ [1463/4675] Built Mathlib.Tactic.Ring.RingNF
✔ [1464/4675] Built Mathlib.Data.Multiset.Sym
✔ [1465/4675] Built Mathlib.CategoryTheory.Category.Cat
✔ [1466/4675] Built Mathlib.Tactic.CancelDenoms
✔ [1467/4675] Built Mathlib.CategoryTheory.ComposableArrows
✔ [1468/4675] Built Mathlib.Control.Fold
✔ [1469/4675] Built Mathlib.CategoryTheory.Category.RelCat
✔ [1470/4675] Built Mathlib.Tactic.NormNum.DivMod
✔ [1471/4675] Built Mathlib.Algebra.Order.Ring.Star
✔ [1472/4675] Built Mathlib.CategoryTheory.Functor.EpiMono
✔ [1473/4675] Built Mathlib.SetTheory.Game.PGame
✔ [1474/4675] Built Mathlib.Data.Int.Star
✔ [1475/4675] Built Mathlib.Tactic.Linarith.Oracle.FourierMotzkin
✔ [1476/4675] Built Mathlib.Tactic.Linarith.Oracle.SimplexAlgorithm
✔ [1477/4675] Built Mathlib.Tactic.Linarith.Parsing
✔ [1478/4675] Built Mathlib.CategoryTheory.ConnectedComponents
✔ [1479/4675] Built Mathlib.Data.Fintype.List
✔ [1480/4675] Built Mathlib.Data.Fintype.Powerset
✔ [1481/4675] Built Mathlib.Data.FP.Basic
✔ [1482/4675] Built Mathlib.Data.Rat.Star
✔ [1483/4675] Built Mathlib.Data.Fintype.Sigma
✔ [1484/4675] Built Mathlib.Data.Finset.PiInduction
✔ [1485/4675] Built Mathlib.Data.Finset.Sym
✔ [1486/4675] Built Mathlib.Data.Fintype.Sort
✔ [1487/4675] Built Mathlib.Data.Finmap
✔ [1488/4675] Built Mathlib.Tactic.Ring
✔ [1489/4675] Built Mathlib.Algebra.Module.Equiv
✔ [1490/4675] Built Mathlib.Logic.Equiv.List
✔ [1491/4675] Built Mathlib.CategoryTheory.IsomorphismClasses
✔ [1492/4675] Built Mathlib.CategoryTheory.Category.Quiv
✔ [1493/4675] Built Mathlib.Tactic.NormNum
✔ [1494/4675] Built Mathlib.Tactic.Linarith.Preprocessing
✔ [1495/4675] Built Mathlib.CategoryTheory.Yoneda
✔ [1496/4675] Built Mathlib.Order.SupIndep
✔ [1497/4675] Built Mathlib.CategoryTheory.Functor.ReflectsIso
✔ [1498/4675] Built Mathlib.Data.SetLike.Fintype
✔ [1499/4675] Built Mathlib.Combinatorics.SetFamily.HarrisKleitman
✔ [1500/4675] Built Mathlib.Computability.TuringMachine
✔ [1501/4675] Built Mathlib.Tactic.LinearCombination
✔ [1502/4675] Built Mathlib.Tactic.Linarith.Verification
✔ [1503/4675] Built Mathlib.Algebra.Ring.Identities
✔ [1504/4675] Built Mathlib.Data.Fintype.Perm
✔ [1505/4675] Built Mathlib.Data.List.Cycle
✔ [1506/4675] Built Mathlib.Algebra.Quandle
✔ [1507/4675] Built Mathlib.Data.Num.Prime
✔ [1508/4675] Built Mathlib.Data.Nat.Hyperoperation
✔ [1509/4675] Built Mathlib.Algebra.ContinuedFractions.ConvergentsEquiv
✔ [1510/4675] Built Mathlib.LinearAlgebra.GeneralLinearGroup
✔ [1511/4675] Built Mathlib.Data.W.Basic
✔ [1512/4675] Built Mathlib.Tactic.DeriveFintype
✔ [1513/4675] Built Mathlib.RingTheory.Coprime.Basic
✔ [1514/4675] Built Mathlib.Logic.Equiv.Array
✔ [1515/4675] Built Mathlib.Algebra.Module.Opposites
✔ [1516/4675] Built Mathlib.Algebra.Module.ULift
✔ [1517/4675] Built Mathlib.Data.PNat.Xgcd
✔ [1518/4675] Built Mathlib.Tactic.Group
✔ [1519/4675] Built Mathlib.Tactic.NormNum.NatSqrt
✔ [1520/4675] Built Mathlib.Tactic.NormNum.GCD
✔ [1521/4675] Built Mathlib.Algebra.Order.CauSeq.Basic
✔ [1522/4675] Built Mathlib.Data.Finite.Basic
✔ [1523/4675] Built Mathlib.CategoryTheory.Adjunction.FullyFaithful
✔ [1524/4675] Built Mathlib.Data.Nat.SqrtNormNum
✔ [1525/4675] Built Mathlib.Data.Nat.PrimeNormNum
✔ [1526/4675] Built Mathlib.Tactic.IntervalCases
✔ [1527/4675] Built Mathlib.CategoryTheory.Skeletal
✔ [1528/4675] Built Mathlib.Computability.Primrec
✔ [1529/4675] Built Mathlib.CategoryTheory.Adjunction.Opposites
✔ [1530/4675] Built Mathlib.CategoryTheory.MorphismProperty.IsInvertedBy
✔ [1531/4675] Built Mathlib.Tactic.Abel
✔ [1532/4675] Built Mathlib.Data.W.Constructions
✔ [1533/4675] Built Mathlib.Data.PFunctor.Univariate.Basic
✔ [1534/4675] Built Mathlib.CategoryTheory.Monad.Basic
✔ [1535/4675] Built Mathlib.Combinatorics.SetFamily.Kleitman
✔ [1536/4675] Built Mathlib.Tactic.Polyrith
✔ [1537/4675] Built Mathlib.Data.Fintype.Array
✔ [1538/4675] Built Mathlib.Computability.Language
✔ [1539/4675] Built Mathlib.Tactic.Linarith.Frontend
✔ [1540/4675] Built Mathlib.Algebra.Order.CauSeq.Completion
✔ [1541/4675] Built Mathlib.Dynamics.PeriodicPts
✔ [1542/4675] Built Mathlib.Data.FunLike.Fintype
✔ [1543/4675] Built Mathlib.CategoryTheory.Adjunction.Reflective
✔ [1544/4675] Built Mathlib.Tactic.NoncommRing
✔ [1545/4675] Built Mathlib.Data.PFunctor.Univariate.M
✔ [1546/4675] Built Mathlib.Data.Set.Finite
✔ [1547/4675] Built Mathlib.CategoryTheory.Monoidal.Functor
✔ [1548/4675] Built Mathlib.Data.PFunctor.Multivariate.Basic
✔ [1549/4675] Built Mathlib.CategoryTheory.Monad.Kleisli
✔ [1550/4675] Built Mathlib.Computability.Partrec
✔ [1551/4675] Built Mathlib.CategoryTheory.Localization.Construction
✔ [1552/4675] Built Mathlib.CategoryTheory.EssentiallySmall
✔ [1553/4675] Built Mathlib.Computability.ContextFreeGrammar
✔ [1554/4675] Built Mathlib.SetTheory.Game.Basic
✔ [1555/4675] Built Mathlib.Data.Int.ModEq
✔ [1556/4675] Built Mathlib.Computability.RegularExpressions
✔ [1557/4675] Built Mathlib.Computability.DFA
✔ [1558/4675] Built Mathlib.Algebra.Ring.BooleanRing
✔ [1559/4675] Built Mathlib.Data.QPF.Univariate.Basic
✔ [1560/4675] Built Mathlib.Data.Set.MemPartition
✔ [1561/4675] Built Mathlib.CategoryTheory.Monad.Algebra
✔ [1562/4675] Built Mathlib.Order.Interval.Set.Infinite
✔ [1563/4675] Built Mathlib.Data.Finset.Preimage
✔ [1564/4675] Built Mathlib.Data.Real.Basic
✔ [1565/4675] Built Mathlib.CategoryTheory.Monoidal.Free.Basic
✔ [1566/4675] Built Mathlib.Data.Finset.NAry
✔ [1567/4675] Built Mathlib.CategoryTheory.Limits.Cones
✔ [1568/4675] Built Mathlib.Combinatorics.Hall.Finite
✔ [1569/4675] Built Mathlib.Data.Nat.PrimeFin
✔ [1570/4675] Built Mathlib.Algebra.Group.FiniteSupport
✔ [1571/4675] Built Mathlib.Order.ConditionallyCompleteLattice.Finset
✔ [1572/4675] Built Mathlib.CategoryTheory.Monoidal.End
✔ [1573/4675] Built Mathlib.Data.Finsupp.Defs
✔ [1574/4675] Built Mathlib.Data.QPF.Multivariate.Basic
✔ [1575/4675] Built Mathlib.CategoryTheory.Bicategory.SingleObj
✔ [1576/4675] Built Mathlib.Tactic.Linarith
✔ [1577/4675] Built Mathlib.Data.PFunctor.Multivariate.W
✔ [1578/4675] Built Mathlib.Order.Atoms.Finite
✔ [1579/4675] Built Mathlib.Data.Set.Pointwise.Finite
✔ [1580/4675] Built Mathlib.CategoryTheory.Monoidal.Functorial
✔ [1581/4675] Built Mathlib.Data.MLList.BestFirst
✔ [1582/4675] Built Mathlib.Order.Filter.Basic
✔ [1583/4675] Built Mathlib.CategoryTheory.Localization.Predicate
✔ [1584/4675] Built Mathlib.Order.PartialSups
✔ [1585/4675] Built Mathlib.Algebra.Star.Pointwise
✔ [1586/4675] Built Mathlib.Data.PFunctor.Multivariate.M
✔ [1587/4675] Built Mathlib.CategoryTheory.Monoidal.NaturalTransformation
✔ [1588/4675] Built Mathlib.Combinatorics.SimpleGraph.Basic
✔ [1589/4675] Built Mathlib.Tactic.ModCases
✔ [1590/4675] Built Mathlib.Data.Finset.Grade
✔ [1591/4675] Built Mathlib.SetTheory.Game.Impartial
✔ [1592/4675] Built Mathlib.Order.SupClosed
✔ [1593/4675] Built Mathlib.CategoryTheory.Countable
✔ [1594/4675] Built Mathlib.Data.Set.Countable
✔ [1595/4675] Built Mathlib.CategoryTheory.Monad.Types
✔ [1596/4675] Built Mathlib.Computability.NFA
✔ [1597/4675] Built Mathlib.Data.Real.Sign
✔ [1598/4675] Built Mathlib.Algebra.CharP.Defs
✔ [1599/4675] Built Mathlib.Data.List.ToFinsupp
✔ [1600/4675] Built Mathlib.GroupTheory.GroupAction.Basic
✔ [1601/4675] Built Mathlib.Data.Finsupp.NeLocus
✔ [1602/4675] Built Mathlib.Computability.PartrecCode
✔ [1603/4675] Built Mathlib.Data.Finsupp.Indicator
✔ [1604/4675] Built Mathlib.Data.Finsupp.Notation
✔ [1605/4675] Built Mathlib.Data.Finsupp.Fin
✔ [1606/4675] Built Mathlib.Data.QPF.Multivariate.Constructions.Quot
✔ [1607/4675] Built Mathlib.Combinatorics.Young.YoungDiagram
✔ [1608/4675] Built Mathlib.CategoryTheory.Monad.Adjunction
✔ [1609/4675] Built Mathlib.Data.Finsupp.Pointwise
✔ [1610/4675] Built Mathlib.Data.QPF.Multivariate.Constructions.Comp
✔ [1611/4675] Built Mathlib.Data.QPF.Multivariate.Constructions.Sigma
✔ [1612/4675] Built Mathlib.Data.QPF.Multivariate.Constructions.Const
✔ [1613/4675] Built Mathlib.Data.QPF.Multivariate.Constructions.Prj
✔ [1614/4675] Built Mathlib.Order.RelSeries
✔ [1615/4675] Built Mathlib.Algebra.BigOperators.Group.Finset
✔ [1616/4675] Built Mathlib.Computability.Ackermann
✔ [1617/4675] Built Mathlib.CategoryTheory.Limits.IsLimit
✔ [1618/4675] Built Mathlib.Data.Nat.Choose.Central
✔ [1619/4675] Built Mathlib.Order.Filter.Ker
✔ [1620/4675] Built Mathlib.CategoryTheory.Localization.HasLocalization
✔ [1621/4675] Built Mathlib.Data.Ordmap.Ordset
✔ [1622/4675] Built Mathlib.CategoryTheory.Localization.Opposite
✔ [1623/4675] Built Mathlib.CategoryTheory.Limits.Bicones
✔ [1624/4675] Built Mathlib.Data.Fintype.Order
✔ [1625/4675] Built Mathlib.Order.Filter.Prod
✔ [1626/4675] Built Mathlib.Data.Finsupp.Fintype
✔ [1627/4675] Built Mathlib.Order.Disjointed
✔ [1628/4675] Built Mathlib.Tactic.Rify
✔ [1629/4675] Built Mathlib.Order.Filter.ListTraverse
✔ [1630/4675] Built Mathlib.Data.Finset.Functor
✔ [1631/4675] Built Mathlib.Data.QPF.Multivariate.Constructions.Fix
✔ [1632/4675] Built Mathlib.NumberTheory.EllipticDivisibilitySequence
✔ [1633/4675] Built Mathlib.Data.Complex.Basic
✔ [1634/4675] Built Mathlib.Combinatorics.SimpleGraph.Dart
✔ [1635/4675] Built Mathlib.Order.Interval.Finset.Defs
✔ [1636/4675] Built Mathlib.Order.Filter.Partial
✔ [1637/4675] Built Mathlib.CategoryTheory.Monoidal.Free.Coherence
✔ [1638/4675] Built Mathlib.Order.Filter.Germ
✔ [1639/4675] Built Mathlib.Order.Filter.Extr
✔ [1640/4675] Built Mathlib.CategoryTheory.Monoidal.Transport
✔ [1641/4675] Built Mathlib.Algebra.Order.Floor
✔ [1642/4675] Built Mathlib.Tactic.Peel
✔ [1643/4675] Built Mathlib.CategoryTheory.Localization.Equivalence
✔ [1644/4675] Built Mathlib.Algebra.Star.Center
✔ [1645/4675] Built Mathlib.CategoryTheory.Localization.Prod
✔ [1646/4675] Built Mathlib.CategoryTheory.Localization.Adjunction
✔ [1647/4675] Built Mathlib.Tactic.CategoryTheory.Coherence
✔ [1648/4675] Built Mathlib.Order.Sublattice
✔ [1649/4675] Built Mathlib.Data.QPF.Multivariate.Constructions.Cofix
✔ [1650/4675] Built Mathlib.Computability.EpsilonNFA
✔ [1651/4675] Built Mathlib.Algebra.CharP.Invertible
✔ [1652/4675] Built Mathlib.Order.Filter.CountableInter
✔ [1653/4675] Built Mathlib.Data.Set.Sups
✔ [1654/4675] Built Mathlib.Combinatorics.Young.SemistandardTableau
✔ [1655/4675] Built Mathlib.CategoryTheory.Monoidal.Discrete
✔ [1656/4675] Built Mathlib.Data.Nat.GCD.BigOperators
✔ [1657/4675] Built Mathlib.Algebra.CharP.Pi
✔ [1658/4675] Built Mathlib.GroupTheory.GroupAction.ConjAct
✔ [1659/4675] Built Mathlib.Order.Filter.Curry
✔ [1660/4675] Built Mathlib.Computability.Halting
✔ [1661/4675] Built Mathlib.Order.Filter.NAry
✔ [1662/4675] Built Mathlib.Order.JordanHolder
✔ [1663/4675] Built Mathlib.CategoryTheory.Localization.CalculusOfFractions
✔ [1664/4675] Built Mathlib.CategoryTheory.Category.Pairwise
✔ [1665/4675] Built Mathlib.Data.Multiset.Fintype
✔ [1666/4675] Built Mathlib.Dynamics.BirkhoffSum.Basic
✔ [1667/4675] Built Mathlib.Algebra.BigOperators.WithTop
✔ [1668/4675] Built Mathlib.Algebra.Star.BigOperators
✔ [1669/4675] Built Mathlib.Data.Holor
✔ [1670/4675] Built Mathlib.GroupTheory.GroupAction.SubMulAction
✔ [1671/4675] Built Mathlib.Data.Rat.BigOperators
✔ [1672/4675] Built Mathlib.Algebra.BigOperators.Option
✔ [1673/4675] Built Mathlib.Data.Set.Pointwise.BigOperators
✔ [1674/4675] Built Mathlib.Algebra.BigOperators.GroupWithZero.Finset
✔ [1675/4675] Built Mathlib.Data.Complex.BigOperators
✔ [1676/4675] Built Mathlib.Algebra.Algebra.Defs
✔ [1677/4675] Built Mathlib.Data.Finset.Antidiagonal
✔ [1678/4675] Built Mathlib.Data.Sum.Interval
✔ [1679/4675] Built Mathlib.Order.SuccPred.LinearLocallyFinite
✔ [1680/4675] Built Mathlib.Data.Sigma.Interval
✔ [1681/4675] Built Mathlib.Algebra.Order.Interval.Finset
✔ [1682/4675] Built Mathlib.CategoryTheory.Localization.LocalizerMorphism
✔ [1683/4675] Built Mathlib.Order.Interval.Finset.Basic
✔ [1684/4675] Built Mathlib.GroupTheory.GroupAction.FixedPoints
✔ [1685/4675] Built Mathlib.Tactic.NormNum.BigOperators
✔ [1686/4675] Built Mathlib.MeasureTheory.MeasurableSpace.Defs
✔ [1687/4675] Built Mathlib.Data.Finsupp.BigOperators
✔ [1688/4675] Built Mathlib.Deprecated.Submonoid
✔ [1689/4675] Built Mathlib.Order.Filter.Bases
✔ [1690/4675] Built Mathlib.Algebra.Regular.Pow
✔ [1691/4675] Built Mathlib.Algebra.BigOperators.RingEquiv
✔ [1692/4675] Built Mathlib.Algebra.BigOperators.Pi
✔ [1693/4675] Built Mathlib.Combinatorics.Additive.Dissociation
✔ [1694/4675] Built Mathlib.Order.UpperLower.LocallyFinite
✔ [1695/4675] Built Mathlib.Order.Partition.Finpartition
✔ [1696/4675] Built Mathlib.Data.Finset.NoncommProd
✔ [1697/4675] Built Mathlib.GroupTheory.Congruence.BigOperators
✔ [1698/4675] Built Mathlib.Combinatorics.SimpleGraph.Maps
✔ [1699/4675] Built Mathlib.RingTheory.Prime
✔ [1700/4675] Built Mathlib.Algebra.Order.Floor.Prime
✔ [1701/4675] Built Mathlib.Algebra.ContinuedFractions.Computation.Basic
✔ [1702/4675] Built Mathlib.Algebra.Order.Nonneg.Floor
✔ [1703/4675] Built Mathlib.CategoryTheory.Localization.Bousfield
✔ [1704/4675] Built Mathlib.Data.Nat.Factorial.DoubleFactorial
✔ [1705/4675] Built Mathlib.Combinatorics.HalesJewett
✔ [1706/4675] Built Mathlib.Data.Sym.Card
✔ [1707/4675] Built Mathlib.GroupTheory.GroupAction.BigOperators
✔ [1708/4675] Built Mathlib.Algebra.Tropical.BigOperators
✔ [1709/4675] Built Mathlib.CategoryTheory.Monoidal.Opposite
✔ [1710/4675] Built Mathlib.CategoryTheory.Monoidal.CoherenceLemmas
✔ [1711/4675] Built Mathlib.Algebra.Order.BigOperators.Group.Finset
✔ [1712/4675] Built Mathlib.Order.CompleteSublattice
✔ [1713/4675] Built Mathlib.Data.Int.Log
✔ [1714/4675] Built Mathlib.CategoryTheory.Localization.Pi
✔ [1715/4675] Built Mathlib.Order.Filter.CountableSeparatingOn
✔ [1716/4675] Built Mathlib.Data.Rat.Floor
✔ [1717/4675] Built Mathlib.CategoryTheory.Limits.HasLimits
✔ [1718/4675] Built Mathlib.Computability.Reduce
✔ [1719/4675] Built Mathlib.Data.Nat.ChineseRemainder
✔ [1720/4675] Built Mathlib.CategoryTheory.Localization.CalculusOfFractions.Fractions
✔ [1721/4675] Built Mathlib.GroupTheory.GroupAction.SubMulAction.Pointwise
✔ [1722/4675] Built Mathlib.CategoryTheory.Localization.CalculusOfFractions.ComposableArrows
✔ [1723/4675] Built Mathlib.CategoryTheory.Localization.Composition
✔ [1724/4675] Built Mathlib.Data.Fintype.BigOperators
✔ [1725/4675] Built Mathlib.MeasureTheory.MeasurableSpace.Invariants
✔ [1726/4675] Built Mathlib.Order.Interval.Multiset
✔ [1727/4675] Built Mathlib.Dynamics.BirkhoffSum.Average
✔ [1728/4675] Built Mathlib.CategoryTheory.Localization.Resolution
✔ [1729/4675] Built Mathlib.Data.Finset.Interval
✔ [1730/4675] Built Mathlib.Order.Filter.Pi
✔ [1731/4675] Built Mathlib.Data.Int.Interval
✔ [1732/4675] Built Mathlib.GroupTheory.GroupAction.FixingSubgroup
✔ [1733/4675] Built Mathlib.MeasureTheory.PiSystem
✔ [1734/4675] Built Mathlib.Algebra.Order.Algebra
✔ [1735/4675] Built Mathlib.Deprecated.Subgroup
✔ [1736/4675] Built Mathlib.Data.Setoid.Partition
✔ [1737/4675] Built Mathlib.Algebra.Order.Module.Algebra
✔ [1738/4675] Built Mathlib.MeasureTheory.Constructions.EventuallyMeasurable
✔ [1739/4675] Built Mathlib.Algebra.Order.Rearrangement
✔ [1740/4675] Built Mathlib.GroupTheory.Perm.ClosureSwap
✔ [1741/4675] Built Mathlib.Order.Filter.Lift
✔ [1742/4675] Built Mathlib.Combinatorics.SimpleGraph.Finite
✔ [1743/4675] Built Mathlib.Algebra.ContinuedFractions.Computation.Translations
✔ [1744/4675] Built Mathlib.Data.Finset.NatAntidiagonal
✔ [1745/4675] Built Mathlib.Algebra.Group.Submonoid.Membership
✔ [1746/4675] Built Mathlib.Combinatorics.Enumerative.DoubleCounting
✔ [1747/4675] Built Mathlib.CategoryTheory.Bicategory.Adjunction
✔ [1748/4675] Built Mathlib.Computability.TMToPartrec
✔ [1749/4675] Built Mathlib.Order.Birkhoff
✔ [1750/4675] Built Mathlib.Algebra.Order.Interval.Basic
✔ [1751/4675] Built Mathlib.Order.Filter.AtTopBot
✔ [1752/4675] Built Mathlib.CategoryTheory.Limits.Unit
✔ [1753/4675] Built Mathlib.CategoryTheory.Limits.Preserves.Basic
✔ [1754/4675] Built Mathlib.Algebra.BigOperators.Ring
✔ [1755/4675] Built Mathlib.CategoryTheory.Limits.Pi
✔ [1756/4675] Built Mathlib.Algebra.BigOperators.Finprod
✔ [1757/4675] Built Mathlib.Data.Set.Equitable
✔ [1758/4675] Built Mathlib.CategoryTheory.Limits.Shapes.Equalizers
✔ [1759/4675] Built Mathlib.CategoryTheory.Limits.Shapes.Products
✔ [1760/4675] Built Mathlib.Algebra.Order.Archimedean
✔ [1761/4675] Built Mathlib.Combinatorics.SimpleGraph.Density
✔ [1762/4675] Built Mathlib.Order.Interval.Finset.Nat
✔ [1763/4675] Built Mathlib.Data.Pi.Interval
✔ [1764/4675] Built Mathlib.CategoryTheory.Limits.Shapes.WidePullbacks
✔ [1765/4675] Built Mathlib.Algebra.Order.Interval.Multiset
✔ [1766/4675] Built Mathlib.Data.Fintype.CardEmbedding
✔ [1767/4675] Built Mathlib.MeasureTheory.SetSemiring
✔ [1768/4675] Built Mathlib.Algebra.Module.BigOperators
✔ [1769/4675] Built Mathlib.Data.Sign
✔ [1770/4675] Built Mathlib.Logic.Godel.GodelBetaFunction
✔ [1771/4675] Built Mathlib.Algebra.BigOperators.NatAntidiagonal
✔ [1772/4675] Built Mathlib.Combinatorics.SimpleGraph.Operations
✔ [1773/4675] Built Mathlib.CategoryTheory.Limits.Shapes.Terminal
✔ [1774/4675] Built Mathlib.CategoryTheory.Limits.Fubini
✔ [1775/4675] Built Mathlib.Order.Filter.IndicatorFunction
✔ [1776/4675] Built Mathlib.Combinatorics.SimpleGraph.Subgraph
✔ [1777/4675] Built Mathlib.CategoryTheory.Limits.Preserves.Limits
✔ [1778/4675] Built Mathlib.Algebra.Module.Submodule.Basic
✔ [1779/4675] Built Mathlib.Order.Filter.SmallSets
✔ [1780/4675] Built Mathlib.Order.Filter.ModEq
✔ [1781/4675] Built Mathlib.CategoryTheory.Limits.Creates
✔ [1782/4675] Built Mathlib.GroupTheory.GroupAction.Blocks
✔ [1783/4675] Built Mathlib.CategoryTheory.Limits.Shapes.SplitCoequalizer
✔ [1784/4675] Built Mathlib.CategoryTheory.EffectiveEpi.Basic
✔ [1785/4675] Built Mathlib.Order.Filter.Cofinite
✔ [1786/4675] Built Mathlib.CategoryTheory.Monoidal.Braided.Basic
✔ [1787/4675] Built Mathlib.Order.Interval.Finset.Box
✔ [1788/4675] Built Mathlib.Order.Interval.Finset.Fin
✔ [1789/4675] Built Mathlib.CategoryTheory.Limits.Shapes.WideEqualizers
✔ [1790/4675] Built Mathlib.Data.Finset.Slice
✔ [1791/4675] Built Mathlib.Algebra.GroupWithZero.NonZeroDivisors
✔ [1792/4675] Built Mathlib.NumberTheory.Divisors
✔ [1793/4675] Built Mathlib.NumberTheory.FrobeniusNumber
✔ [1794/4675] Built Mathlib.CategoryTheory.Limits.EssentiallySmall
✔ [1795/4675] Built Mathlib.Data.Nat.Lattice
✔ [1796/4675] Built Mathlib.GroupTheory.Coprod.Basic
✔ [1797/4675] Built Mathlib.Tactic.RewriteSearch
✔ [1798/4675] Built Mathlib.MeasureTheory.SetAlgebra
✔ [1799/4675] Built Mathlib.Data.PNat.Interval
✔ [1800/4675] Built Mathlib.GroupTheory.Archimedean
✔ [1801/4675] Built Mathlib.Combinatorics.SimpleGraph.Regularity.Energy
✔ [1802/4675] Built Mathlib.CategoryTheory.Limits.Preserves.Shapes.Products
✔ [1803/4675] Built Mathlib.Combinatorics.SetFamily.Shatter
✔ [1804/4675] Built Mathlib.Algebra.BigOperators.Intervals
✔ [1805/4675] Built Mathlib.Order.Partition.Equipartition
✔ [1806/4675] Built Mathlib.SetTheory.Cardinal.Basic
✔ [1807/4675] Built Mathlib.Algebra.QuadraticDiscriminant
✔ [1808/4675] Built Mathlib.RingTheory.Coprime.Lemmas
✔ [1809/4675] Built Mathlib.CategoryTheory.Adjunction.Evaluation
✔ [1810/4675] Built Mathlib.Order.Filter.Archimedean
✔ [1811/4675] Built Mathlib.Data.Real.Archimedean
✔ [1812/4675] Built Mathlib.Algebra.ContinuedFractions.Computation.CorrectnessTerminating
✔ [1813/4675] Built Mathlib.Data.Nat.Fib.Basic
✔ [1814/4675] Built Mathlib.CategoryTheory.Limits.Shapes.ZeroObjects
✔ [1815/4675] Built Mathlib.Algebra.AddConstMap.Basic
✔ [1816/4675] Built Mathlib.CategoryTheory.Endofunctor.Algebra
✔ [1817/4675] Built Mathlib.Combinatorics.Additive.FreimanHom
✔ [1818/4675] Built Mathlib.CategoryTheory.Category.Factorisation
✔ [1819/4675] Built Mathlib.Algebra.Order.BigOperators.Ring.Finset
✔ [1820/4675] Built Mathlib.Algebra.Order.Hom.Ring
✔ [1821/4675] Built Mathlib.CategoryTheory.Limits.Preserves.Shapes.Terminal
✔ [1822/4675] Built Mathlib.Data.DFinsupp.Basic
✔ [1823/4675] Built Mathlib.Algebra.Module.Submodule.LinearMap
✔ [1824/4675] Built Mathlib.CategoryTheory.Limits.FullSubcategory
✔ [1825/4675] Built Mathlib.GroupTheory.MonoidLocalization
✔ [1826/4675] Built Mathlib.CategoryTheory.Limits.FunctorCategory
✔ [1827/4675] Built Mathlib.CategoryTheory.EffectiveEpi.Enough
✔ [1828/4675] Built Mathlib.CategoryTheory.EffectiveEpi.Comp
✔ [1829/4675] Built Mathlib.Algebra.Module.Submodule.Order
✔ [1830/4675] Built Mathlib.Data.Analysis.Filter
✔ [1831/4675] Built Mathlib.CategoryTheory.WithTerminal
✔ [1832/4675] Built Mathlib.Combinatorics.SimpleGraph.Connectivity
✔ [1833/4675] Built Mathlib.Topology.Bornology.Basic
✔ [1834/4675] Built Mathlib.Data.Fintype.Fin
✔ [1835/4675] Built Mathlib.CategoryTheory.Adjunction.Limits
✔ [1836/4675] Built Mathlib.Data.Fin.Tuple.Sort
✔ [1837/4675] Built Mathlib.Combinatorics.Pigeonhole
✔ [1838/4675] Built Mathlib.Algebra.IsPrimePow
✔ [1839/4675] Built Mathlib.Order.Filter.Interval
✔ [1840/4675] Built Mathlib.CategoryTheory.Limits.Preserves.Shapes.Equalizers
✔ [1841/4675] Built Mathlib.CategoryTheory.Monoidal.Braided.Opposite
✔ [1842/4675] Built Mathlib.Order.Filter.Ultrafilter
✔ [1843/4675] Built Mathlib.Order.LiminfLimsup
✔ [1844/4675] Built Mathlib.Order.KrullDimension
✔ [1845/4675] Built Mathlib.RingTheory.Nilpotent.Defs
✔ [1846/4675] Built Mathlib.RingTheory.NonUnitalSubsemiring.Basic
✔ [1847/4675] Built Mathlib.Algebra.Module.Submodule.Lattice
✔ [1848/4675] Built Mathlib.Data.Finset.Sups
✔ [1849/4675] Built Mathlib.Data.ENat.Lattice
✔ [1850/4675] Built Mathlib.CategoryTheory.Monoidal.Skeleton
✔ [1851/4675] Built Mathlib.Combinatorics.SimpleGraph.Regularity.Equitabilise
✔ [1852/4675] Built Mathlib.CategoryTheory.Limits.SmallComplete
✔ [1853/4675] Built Mathlib.CategoryTheory.Monoidal.FunctorCategory
✔ [1854/4675] Built Mathlib.Computability.Encoding
✔ [1855/4675] Built Mathlib.Algebra.Module.Card
✔ [1856/4675] Built Mathlib.Data.Rat.Denumerable
✔ [1857/4675] Built Mathlib.CategoryTheory.Limits.Constructions.WeaklyInitial
✔ [1858/4675] Built Mathlib.Data.Nat.Fib.Zeckendorf
✔ [1859/4675] Built Mathlib.CategoryTheory.Monoidal.Center
✔ [1860/4675] Built Mathlib.ModelTheory.Basic
✔ [1861/4675] Built Mathlib.Data.Nat.Count
✔ [1862/4675] Built Mathlib.Data.Real.Pointwise
✔ [1863/4675] Built Mathlib.Combinatorics.Additive.Corner.Defs
✔ [1864/4675] Built Mathlib.Tactic.NormNum.IsCoprime
✔ [1865/4675] Built Mathlib.CategoryTheory.Comma.StructuredArrow
✔ [1866/4675] Built Mathlib.Data.Nat.Factorial.BigOperators
✔ [1867/4675] Built Mathlib.NumberTheory.ADEInequality
✔ [1868/4675] Built Mathlib.Tactic.NormNum.NatFib
✔ [1869/4675] Built Mathlib.RingTheory.OreLocalization.Ring
✔ [1870/4675] Built Mathlib.SetTheory.Ordinal.Basic
✔ [1871/4675] Built Mathlib.Algebra.BigOperators.Module
✔ [1872/4675] Built Mathlib.Data.NNRat.BigOperators
✔ [1873/4675] Built Mathlib.Data.DFinsupp.NeLocus
✔ [1874/4675] Built Mathlib.Combinatorics.Schnirelmann
✔ [1875/4675] Built Mathlib.GroupTheory.CoprodI
✔ [1876/4675] Built Mathlib.Combinatorics.SimpleGraph.Connectivity.Subgraph
✔ [1877/4675] Built Mathlib.Data.DFinsupp.Order
✔ [1878/4675] Built Mathlib.Combinatorics.SimpleGraph.Prod
✔ [1879/4675] Built Mathlib.Algebra.DirectSum.Basic
✔ [1880/4675] Built Mathlib.Data.DFinsupp.Notation
✔ [1881/4675] Built Mathlib.Order.OrderIsoNat
✔ [1882/4675] Built Mathlib.Data.DFinsupp.Encodable
✔ [1883/4675] Built Mathlib.Topology.Bornology.Hom
✔ [1884/4675] Built Mathlib.Topology.Bornology.Constructions
✔ [1885/4675] Built Mathlib.Combinatorics.SimpleGraph.Hamiltonian
✔ [1886/4675] Built Mathlib.Combinatorics.SimpleGraph.Trails
✔ [1887/4675] Built Mathlib.NumberTheory.Harmonic.Defs
✔ [1888/4675] Built Mathlib.Topology.Bornology.Absorbs
✔ [1889/4675] Built Mathlib.CategoryTheory.EffectiveEpi.Preserves
✔ [1890/4675] Built Mathlib.Combinatorics.Additive.AP.Three.Defs
✔ [1891/4675] Built Mathlib.Combinatorics.SimpleGraph.Metric
✔ [1892/4675] Built Mathlib.Combinatorics.SimpleGraph.Acyclic
✔ [1893/4675] Built Mathlib.SetTheory.Cardinal.ENat
✔ [1894/4675] Built Mathlib.Order.Filter.Subsingleton
✔ [1895/4675] Built Mathlib.CategoryTheory.Limits.Shapes.Equivalence
✔ [1896/4675] Built Mathlib.Data.Fin.Tuple.BubbleSortInduction
✔ [1897/4675] Built Mathlib.Order.Filter.Pointwise
✔ [1898/4675] Built Mathlib.Algebra.Ring.Subsemiring.Basic
✔ [1899/4675] Built Mathlib.RingTheory.NonUnitalSubring.Basic
✔ [1900/4675] Built Mathlib.CategoryTheory.Monoidal.Mon_
✔ [1901/4675] Built Mathlib.CategoryTheory.Monad.Limits
✔ [1902/4675] Built Mathlib.NumberTheory.ClassNumber.AdmissibleAbsoluteValue
✔ [1903/4675] Built Mathlib.CategoryTheory.Closed.Monoidal
✔ [1904/4675] Built Mathlib.Order.Filter.FilterProduct
✔ [1905/4675] Built Mathlib.Topology.Defs.Filter
✔ [1906/4675] Built Mathlib.Algebra.Module.Submodule.RestrictScalars
✔ [1907/4675] Built Mathlib.Algebra.ContinuedFractions.Computation.Approximations
✔ [1908/4675] Built Mathlib.Combinatorics.SimpleGraph.Clique
✔ [1909/4675] Built Mathlib.ModelTheory.LanguageMap
✔ [1910/4675] Built Mathlib.Algebra.BigOperators.Fin
✔ [1911/4675] Built Mathlib.Data.Nat.Choose.Sum
✔ [1912/4675] Built Mathlib.Algebra.Module.Submodule.Map
✔ [1913/4675] Built Mathlib.CategoryTheory.Monoidal.Limits
✔ [1914/4675] Built Mathlib.CategoryTheory.Bicategory.Extension
✔ [1915/4675] Built Mathlib.Algebra.GeomSum
✔ [1916/4675] Built Mathlib.SetTheory.Cardinal.UnivLE
✔ [1917/4675] Built Mathlib.Combinatorics.SetFamily.Shadow
✔ [1918/4675] Built Mathlib.CategoryTheory.Adjunction.Comma
✔ [1919/4675] Built Mathlib.Data.Nat.PartENat
✔ [1920/4675] Built Mathlib.Combinatorics.SimpleGraph.Regularity.Uniform
✔ [1921/4675] Built Mathlib.Topology.Order.Bornology
✔ [1922/4675] Built Mathlib.Data.DFinsupp.Multiset
✔ [1923/4675] Built Mathlib.Combinatorics.SetFamily.AhlswedeZhang
✔ [1924/4675] Built Mathlib.SetTheory.Ordinal.Arithmetic
✔ [1925/4675] Built Mathlib.Data.Real.NNReal
✔ [1926/4675] Built Mathlib.Algebra.DirectSum.Ring
✔ [1927/4675] Built Mathlib.Data.Int.CardIntervalMod
✔ [1928/4675] Built Mathlib.CategoryTheory.Limits.KanExtension
✔ [1929/4675] Built Mathlib.Data.Nat.Nth
✔ [1930/4675] Built Mathlib.SetTheory.Cardinal.ToNat
✔ [1931/4675] Built Mathlib.Order.Height
✔ [1932/4675] Built Mathlib.Data.Nat.Digits
✔ [1933/4675] Built Mathlib.Order.Filter.EventuallyConst
✔ [1934/4675] Built Mathlib.CategoryTheory.Elements
✔ [1935/4675] Built Mathlib.CategoryTheory.Comma.Over
✔ [1936/4675] Built Mathlib.CategoryTheory.Monoidal.Mod_
✔ [1937/4675] Built Mathlib.Algebra.Ring.Subring.Basic
✔ [1938/4675] Built Mathlib.Algebra.Ring.Subsemiring.Order
✔ [1939/4675] Built Mathlib.Combinatorics.SimpleGraph.Girth
✔ [1940/4675] Built Mathlib.Algebra.Ring.CentroidHom
✔ [1941/4675] Built Mathlib.Topology.Defs.Sequences
✔ [1942/4675] Built Mathlib.CategoryTheory.Monad.EquivMon
✔ [1943/4675] Built Mathlib.Order.WellFoundedSet
✔ [1944/4675] Built Mathlib.Combinatorics.SimpleGraph.Turan
✔ [1945/4675] Built Mathlib.CategoryTheory.Monoidal.CommMon_
✔ [1946/4675] Built Mathlib.Data.Fin.Tuple.Reflection
✔ [1947/4675] Built Mathlib.ModelTheory.Syntax
✔ [1948/4675] Built Mathlib.Topology.Basic
✔ [1949/4675] Built Mathlib.Algebra.Module.Submodule.Ker
✔ [1950/4675] Built Mathlib.Combinatorics.SetFamily.FourFunctions
✔ [1951/4675] Built Mathlib.CategoryTheory.Bicategory.Kan.IsKan
✔ [1952/4675] Built Mathlib.Combinatorics.SimpleGraph.Hasse
✔ [1953/4675] Built Mathlib.CategoryTheory.Functor.KanExtension.Basic
✔ [1954/4675] Built Mathlib.Algebra.Ring.Divisibility.Lemmas
✔ [1955/4675] Built Mathlib.CategoryTheory.Closed.FunctorCategory
✔ [1956/4675] Built Mathlib.Combinatorics.SetFamily.Compression.UV
✔ [1957/4675] Built Mathlib.Algebra.ContinuedFractions.Computation.TerminatesIffRat
✔ [1958/4675] Built Mathlib.SetTheory.Ordinal.FixedPointApproximants
✔ [1959/4675] Built Mathlib.Combinatorics.SetFamily.LYM
✔ [1960/4675] Built Mathlib.Order.Extension.Well
✔ [1961/4675] Built Mathlib.SetTheory.Ordinal.Exponential
✔ [1962/4675] Built Mathlib.Data.Fin.Tuple.NatAntidiagonal
✔ [1963/4675] Built Mathlib.CategoryTheory.Monoidal.Bimod
✔ [1964/4675] Built Mathlib.Combinatorics.Enumerative.Composition
✔ [1965/4675] Built Mathlib.Combinatorics.Colex
✔ [1966/4675] Built Mathlib.Algebra.Order.CauSeq.BigOperators
✔ [1967/4675] Built Mathlib.RingTheory.Multiplicity
✔ [1968/4675] Built Mathlib.SetTheory.Ordinal.NaturalOps
✔ [1969/4675] Built Mathlib.Algebra.BigOperators.Finsupp
✔ [1970/4675] Built Mathlib.CategoryTheory.Monoidal.Rigid.Basic
✔ [1971/4675] Built Mathlib.Analysis.Normed.Group.Seminorm
✔ [1972/4675] Built Mathlib.Data.ENNReal.Basic
✔ [1973/4675] Built Mathlib.CategoryTheory.Monoidal.Comon_
✔ [1974/4675] Built Mathlib.Combinatorics.SimpleGraph.Coloring
✔ [1975/4675] Built Mathlib.SetTheory.Cardinal.PartENat
✔ [1976/4675] Built Mathlib.Deprecated.Subring
✔ [1977/4675] Built Mathlib.CategoryTheory.Grothendieck
✔ [1978/4675] Built Mathlib.Algebra.CharP.Subring
✔ [1979/4675] Built Mathlib.Algebra.Ring.Action.Invariant
✔ [1980/4675] Built Mathlib.Combinatorics.SimpleGraph.Triangle.Basic
✔ [1981/4675] Built Mathlib.Data.Set.MulAntidiagonal
✔ [1982/4675] Built Mathlib.Combinatorics.SimpleGraph.Triangle.Counting
✔ [1983/4675] Built Mathlib.Data.DFinsupp.Lex
✔ [1984/4675] Built Mathlib.Algebra.Ring.Subring.Order
✔ [1985/4675] Built Mathlib.RingTheory.HahnSeries.Basic
✔ [1986/4675] Built Mathlib.CategoryTheory.Limits.Constructions.Over.Connected
✔ [1987/4675] Built Mathlib.Algebra.Group.Submonoid.Pointwise
✔ [1988/4675] Built Mathlib.Topology.Defs.Induced
✔ [1989/4675] Built Mathlib.Topology.NhdsSet
✔ [1990/4675] Built Mathlib.Algebra.Module.Submodule.IterateMapComap
✔ [1991/4675] Built Mathlib.Algebra.Field.Subfield
✔ [1992/4675] Built Mathlib.Algebra.Module.Submodule.EqLocus
✔ [1993/4675] Built Mathlib.Topology.Partial
✔ [1994/4675] Built Mathlib.Algebra.Module.Submodule.Range
✔ [1995/4675] Built Mathlib.Order.CompactlyGenerated.Basic
✔ [1996/4675] Built Mathlib.LinearAlgebra.Pi
✔ [1997/4675] Built Mathlib.CategoryTheory.Functor.KanExtension.Pointwise
✔ [1998/4675] Built Mathlib.Topology.Tactic
✔ [1999/4675] Built Mathlib.LinearAlgebra.BilinearMap
✔ [2000/4675] Built Mathlib.ModelTheory.Semantics
✔ [2001/4675] Built Mathlib.CategoryTheory.Monoidal.Internal.FunctorCategory
✔ [2002/4675] Built Mathlib.CategoryTheory.Limits.ConeCategory
✔ [2003/4675] Built Mathlib.CategoryTheory.Bicategory.Kan.Adjunction
✔ [2004/4675] Built Mathlib.CategoryTheory.Functor.Derived.RightDerived
✔ [2005/4675] Built Mathlib.Topology.OmegaCompletePartialOrder
✔ [2006/4675] Built Mathlib.RingTheory.Nilpotent.Basic
✔ [2007/4675] Built Mathlib.SetTheory.Ordinal.CantorNormalForm
✔ [2008/4675] Built Mathlib.SetTheory.Ordinal.FixedPoint
✔ [2009/4675] Built Mathlib.SetTheory.Game.Ordinal
✔ [2010/4675] Built Mathlib.CategoryTheory.Monoidal.Rigid.OfEquivalence
✔ [2011/4675] Built Mathlib.Combinatorics.Enumerative.Catalan
✔ [2012/4675] Built Mathlib.Data.Nat.Multiplicity
✔ [2013/4675] Built Mathlib.Combinatorics.Enumerative.Partition
✔ [2014/4675] Built Mathlib.CategoryTheory.Limits.Shapes.BinaryProducts
✔ [2015/4675] Built Mathlib.Algebra.BigOperators.Associated
✔ [2016/4675] Built Mathlib.Combinatorics.SimpleGraph.Partition
✔ [2017/4675] Built Mathlib.Data.Real.ENatENNReal
✔ [2018/4675] Built Mathlib.SetTheory.Cardinal.Finite
✔ [2019/4675] Built Mathlib.Deprecated.Subfield
✔ [2020/4675] Built Mathlib.Data.ENNReal.Operations
✔ [2021/4675] Built Mathlib.MeasureTheory.Measure.AddContent
✔ [2022/4675] Built Mathlib.Combinatorics.SimpleGraph.Triangle.Tripartite
✔ [2023/4675] Built Mathlib.Data.Finset.MulAntidiagonal
✔ [2024/4675] Built Mathlib.GroupTheory.Submonoid.Inverses
✔ [2025/4675] Built Mathlib.CategoryTheory.Monoidal.Rigid.FunctorCategory
✔ [2026/4675] Built Mathlib.RingTheory.HahnSeries.Addition
✔ [2027/4675] Built Mathlib.CategoryTheory.Functor.KanExtension.Adjunction
✔ [2028/4675] Built Mathlib.Algebra.Order.Field.Subfield
✔ [2029/4675] Built Mathlib.Algebra.Algebra.Basic
✔ [2030/4675] Built Mathlib.Order.CompactlyGenerated.Intervals
✔ [2031/4675] Built Mathlib.Order.BooleanGenerators
✔ [2032/4675] Built Mathlib.Topology.Order
✔ [2033/4675] Built Mathlib.Combinatorics.SimpleGraph.ConcreteColorings
✔ [2034/4675] Built Mathlib.Algebra.Group.Submonoid.Units
✔ [2035/4675] Built Mathlib.ModelTheory.Order
✔ [2036/4675] Built Mathlib.ModelTheory.Quotients
✔ [2037/4675] Built Mathlib.CategoryTheory.Monoidal.Bimon_
✔ [2038/4675] Built Mathlib.Algebra.Group.Subgroup.Pointwise
✔ [2039/4675] Built Mathlib.ModelTheory.Definability
✔ [2040/4675] Built Mathlib.ModelTheory.Algebra.Ring.Basic
✔ [2041/4675] Built Mathlib.Algebra.Ring.Subsemiring.Pointwise
✔ [2042/4675] Built Mathlib.SetTheory.Ordinal.Principal
✔ [2043/4675] Built Mathlib.SetTheory.Surreal.Basic
✔ [2044/4675] Built Mathlib.CategoryTheory.Monoidal.Internal.Limits
✔ [2045/4675] Built Mathlib.CategoryTheory.Limits.Shapes.StrictInitial
✔ [2046/4675] Built Mathlib.LinearAlgebra.Basic
✔ [2047/4675] Built Mathlib.Data.DFinsupp.WellFounded
✔ [2048/4675] Built Mathlib.CategoryTheory.Limits.Shapes.CombinedProducts
✔ [2049/4675] Built Mathlib.Data.Finite.Card
✔ [2050/4675] Built Mathlib.CategoryTheory.Limits.Shapes.Multiequalizer
✔ [2051/4675] Built Mathlib.SetTheory.Game.Birthday
✔ [2052/4675] Built Mathlib.Data.Set.Card
✔ [2053/4675] Built Mathlib.GroupTheory.Perm.DomMulAct
✔ [2054/4675] Built Mathlib.Data.ENNReal.Inv
✔ [2055/4675] Built Mathlib.GroupTheory.Coset
✔ [2056/4675] Built Mathlib.Data.Fintype.Units
✔ [2057/4675] Built Mathlib.Data.Finsupp.Basic
✔ [2058/4675] Built Mathlib.CategoryTheory.Limits.Preserves.Shapes.BinaryProducts
✔ [2059/4675] Built Mathlib.NumberTheory.Padics.PadicVal
✔ [2060/4675] Built Mathlib.Algebra.CharP.Basic
✔ [2061/4675] Built Mathlib.CategoryTheory.Limits.Shapes.Pullbacks
✔ [2062/4675] Built Mathlib.Topology.Maps
✔ [2063/4675] Built Mathlib.Algebra.Module.Algebra
✔ [2064/4675] Built Mathlib.CategoryTheory.Monoidal.OfChosenFiniteProducts.Basic
✔ [2065/4675] Built Mathlib.NumberTheory.ClassNumber.AdmissibleAbs
✔ [2066/4675] Built Mathlib.CategoryTheory.Limits.Connected
✔ [2067/4675] Built Mathlib.CategoryTheory.Monad.Products
✔ [2068/4675] Built Mathlib.Algebra.Algebra.Hom
✔ [2069/4675] Built Mathlib.NumberTheory.Primorial
✔ [2070/4675] Built Mathlib.ModelTheory.Ultraproducts
✔ [2071/4675] Built Mathlib.ModelTheory.Algebra.Field.Basic
✔ [2072/4675] Built Mathlib.RingTheory.Fintype
✔ [2073/4675] Built Mathlib.Data.Finset.Pointwise
✔ [2074/4675] Built Mathlib.Algebra.Group.ConjFinite
✔ [2075/4675] Built Mathlib.Data.ENNReal.Real
✔ [2076/4675] Built Mathlib.Algebra.Group.Subgroup.Finite
✔ [2077/4675] Built Mathlib.Data.Finsupp.ToDFinsupp
✔ [2078/4675] Built Mathlib.Data.Finset.PiAntidiagonal
✔ [2079/4675] Built Mathlib.Data.Finsupp.Order
✔ [2080/4675] Built Mathlib.NumberTheory.Padics.PadicNorm
✔ [2081/4675] Built Mathlib.CategoryTheory.Limits.Shapes.DisjointCoproduct
✔ [2082/4675] Built Mathlib.SetTheory.Ordinal.Notation
✔ [2083/4675] Built Mathlib.CategoryTheory.Limits.Constructions.Pullbacks
✔ [2084/4675] Built Mathlib.Data.Finsupp.AList
✔ [2085/4675] Built Mathlib.SetTheory.Game.Nim
✔ [2086/4675] Built Mathlib.CategoryTheory.SmallObject.Construction
✔ [2087/4675] Built Mathlib.Algebra.Ring.Subring.Pointwise
✔ [2088/4675] Built Mathlib.GroupTheory.DoubleCoset
✔ [2089/4675] Built Mathlib.Algebra.Lie.Basic
✔ [2090/4675] Built Mathlib.CategoryTheory.Limits.Preserves.Shapes.Pullbacks
✔ [2091/4675] Built Mathlib.Data.Matroid.Basic
✔ [2092/4675] Built Mathlib.CategoryTheory.Limits.Shapes.FiniteLimits
✔ [2093/4675] Built Mathlib.CategoryTheory.EffectiveEpi.Coproduct
✔ [2094/4675] Built Mathlib.CategoryTheory.Monoidal.OfHasFiniteProducts
✔ [2095/4675] Built Mathlib.CategoryTheory.Monoidal.OfChosenFiniteProducts.Symmetric
✔ [2096/4675] Built Mathlib.CategoryTheory.Limits.Shapes.RegularMono
✔ [2097/4675] Built Mathlib.Topology.Constructions
✔ [2098/4675] Built Mathlib.CategoryTheory.Limits.Shapes.Images
✔ [2099/4675] Built Mathlib.CategoryTheory.Adjunction.Over
✔ [2100/4675] Built Mathlib.LinearAlgebra.Span
✔ [2101/4675] Built Mathlib.CategoryTheory.Sites.Sieves
✔ [2102/4675] Built Mathlib.Combinatorics.Additive.ETransform
✔ [2103/4675] Built Mathlib.Data.Finset.NatDivisors
✔ [2104/4675] Built Mathlib.Algebra.Algebra.Prod
✔ [2105/4675] Built Mathlib.Algebra.Algebra.Equiv
✔ [2106/4675] Built Mathlib.Combinatorics.Additive.Energy
✔ [2107/4675] Built Mathlib.Data.Real.ConjExponents
✔ [2108/4675] Built Mathlib.Data.Finset.Pointwise.Interval
✔ [2109/4675] Built Mathlib.Combinatorics.Additive.RuzsaCovering
✔ [2110/4675] Built Mathlib.Algebra.Algebra.NonUnitalHom
✔ [2111/4675] Built Mathlib.Data.Finsupp.Multiset
✔ [2112/4675] Built Mathlib.Data.Finsupp.Encodable
✔ [2113/4675] Built Mathlib.Data.Finsupp.PWO
✔ [2114/4675] Built Mathlib.MeasureTheory.MeasurableSpace.Basic
✔ [2115/4675] Built Mathlib.Combinatorics.Additive.PluenneckeRuzsa
✔ [2116/4675] Built Mathlib.CategoryTheory.Limits.Constructions.EpiMono
✔ [2117/4675] Built Mathlib.Data.Real.EReal
✔ [2118/4675] Built Mathlib.Algebra.Order.Floor.Div
✔ [2119/4675] Built Mathlib.Data.Finset.Finsupp
✔ [2120/4675] Built Mathlib.CategoryTheory.Limits.Lattice
✔ [2121/4675] Built Mathlib.CategoryTheory.Limits.Shapes.FunctorCategory
✔ [2122/4675] Built Mathlib.Data.Finsupp.Lex
✔ [2123/4675] Built Mathlib.CategoryTheory.Limits.Shapes.FiniteProducts
✔ [2124/4675] Built Mathlib.Data.Matroid.IndepAxioms
✔ [2125/4675] Built Mathlib.Testing.SlimCheck.Functions
✔ [2126/4675] Built Mathlib.CategoryTheory.Limits.Constructions.BinaryProducts
✔ [2127/4675] Built Mathlib.CategoryTheory.Monoidal.Cartesian.Comon_
✔ [2128/4675] Built Mathlib.Data.DFinsupp.Interval
✔ [2129/4675] Built Mathlib.GroupTheory.Perm.Subgroup
✔ [2130/4675] Built Mathlib.GroupTheory.ClassEquation
✔ [2131/4675] Built Mathlib.CategoryTheory.Limits.Constructions.Equalizers
✔ [2132/4675] Built Mathlib.Topology.ContinuousOn
✔ [2133/4675] Built Mathlib.GroupTheory.Commutator
✔ [2134/4675] Built Mathlib.CategoryTheory.EffectiveEpi.RegularEpi
✔ [2135/4675] Built Mathlib.GroupTheory.QuotientGroup
✔ [2136/4675] Built Mathlib.CategoryTheory.Limits.Types
✔ [2137/4675] Built Mathlib.CategoryTheory.Sites.IsSheafFor
✔ [2138/4675] Built Mathlib.Algebra.Module.Submodule.Bilinear
✔ [2139/4675] Built Mathlib.Algebra.Algebra.Pi
✔ [2140/4675] Built Mathlib.CategoryTheory.Limits.Shapes.ZeroMorphisms
✔ [2141/4675] Built Mathlib.CategoryTheory.Filtered.Basic
✔ [2142/4675] Built Mathlib.Algebra.Algebra.Tower
✔ [2143/4675] Built Mathlib.CategoryTheory.Sites.EffectiveEpimorphic
✔ [2144/4675] Built Mathlib.Algebra.Lie.NonUnitalNonAssocAlgebra
✔ [2145/4675] Built Mathlib.MeasureTheory.Constructions.Cylinders
✔ [2146/4675] Built Mathlib.Data.Nat.Choose.Multinomial
✔ [2147/4675] Built Mathlib.CategoryTheory.Limits.Preserves.Shapes.Images
✔ [2148/4675] Built Mathlib.GroupTheory.Perm.Sign
✔ [2149/4675] Built Mathlib.Algebra.Algebra.Opposite
✔ [2150/4675] Built Mathlib.CategoryTheory.ConcreteCategory.Basic
✔ [2151/4675] Built Mathlib.Data.Finsupp.Antidiagonal
✔ [2152/4675] Built Mathlib.Data.Finsupp.WellFounded
✔ [2153/4675] Built Mathlib.Data.Matroid.Dual
✔ [2154/4675] Built Mathlib.CategoryTheory.Limits.Preserves.Finite
✔ [2155/4675] Built Mathlib.Logic.Equiv.TransferInstance
✔ [2156/4675] Built Mathlib.CategoryTheory.Limits.Constructions.Over.Products
✔ [2157/4675] Built Mathlib.Topology.Order.LeftRight
✔ [2158/4675] Built Mathlib.MeasureTheory.MeasurableSpace.CountablyGenerated
✔ [2159/4675] Built Mathlib.Algebra.Star.StarAlgHom
✔ [2160/4675] Built Mathlib.CategoryTheory.Limits.Constructions.FiniteProductsOfBinaryProducts
✔ [2161/4675] Built Mathlib.LinearAlgebra.Prod
✔ [2162/4675] Built Mathlib.CategoryTheory.Limits.Comma
✔ [2163/4675] Built Mathlib.Topology.Order.LocalExtr
✔ [2164/4675] Built Mathlib.Data.Finsupp.Interval
✔ [2165/4675] Built Mathlib.Topology.Bases
✔ [2166/4675] Built Mathlib.Topology.Inseparable
✔ [2167/4675] Built Mathlib.Logic.Hydra
✔ [2168/4675] Built Mathlib.Algebra.CharZero.Quotient
✔ [2169/4675] Built Mathlib.Topology.Clopen
✔ [2170/4675] Built Mathlib.Topology.Irreducible
✔ [2171/4675] Built Mathlib.CategoryTheory.Sites.Grothendieck
✔ [2172/4675] Built Mathlib.Topology.LocallyFinite
✔ [2173/4675] Built Mathlib.Algebra.Pointwise.Stabilizer
✔ [2174/4675] Built Mathlib.GroupTheory.PresentedGroup
✔ [2175/4675] Built Mathlib.Algebra.ModEq
✔ [2176/4675] Built Mathlib.CategoryTheory.Limits.FunctorToTypes
✔ [2177/4675] Built Mathlib.Data.Multiset.Interval
✔ [2178/4675] Built Mathlib.CategoryTheory.Limits.Shapes.FunctorToTypes
✔ [2179/4675] Built Mathlib.Data.Nat.Factorization.Basic
✔ [2180/4675] Built Mathlib.SetTheory.Cardinal.Ordinal
✔ [2181/4675] Built Mathlib.LinearAlgebra.Finsupp
✔ [2182/4675] Built Mathlib.GroupTheory.Divisible
✔ [2183/4675] Built Mathlib.GroupTheory.Finiteness
✔ [2184/4675] Built Mathlib.CategoryTheory.Limits.Yoneda
✔ [2185/4675] Built Mathlib.CategoryTheory.Limits.Preserves.Ulift
✔ [2186/4675] Built Mathlib.CategoryTheory.Limits.Preserves.Shapes.Zero
✔ [2187/4675] Built Mathlib.Algebra.Algebra.RestrictScalars
✔ [2188/4675] Built Mathlib.CategoryTheory.Limits.TypesFiltered
✔ [2189/4675] Built Mathlib.Algebra.Algebra.NonUnitalSubalgebra
✔ [2190/4675] Built Mathlib.CategoryTheory.Limits.Preserves.Filtered
✔ [2191/4675] Built Mathlib.LinearAlgebra.Quotient
✔ [2192/4675] Built Mathlib.CategoryTheory.Filtered.Small
✔ [2193/4675] Built Mathlib.CategoryTheory.Limits.ColimitLimit
✔ [2194/4675] Built Mathlib.CategoryTheory.Filtered.Connected
✔ [2195/4675] Built Mathlib.CategoryTheory.Limits.Elements
✔ [2196/4675] Built Mathlib.CategoryTheory.Limits.Constructions.ZeroObjects
✔ [2197/4675] Built Mathlib.CategoryTheory.Category.Pointed
✔ [2198/4675] Built Mathlib.CategoryTheory.Category.Cat.Limit
✔ [2199/4675] Built Mathlib.CategoryTheory.Limits.ExactFunctor
✔ [2200/4675] Built Mathlib.GroupTheory.GroupAction.Quotient
✔ [2201/4675] Built Mathlib.Data.Matroid.Restrict
✔ [2202/4675] Built Mathlib.LinearAlgebra.BilinearForm.Basic
✔ [2203/4675] Built Mathlib.CategoryTheory.Limits.Filtered
✔ [2204/4675] Built Mathlib.CategoryTheory.Closed.Cartesian
✔ [2205/4675] Built Mathlib.CategoryTheory.ConcreteCategory.ReflectsIso
✔ [2206/4675] Built Mathlib.Algebra.Group.AddChar
✔ [2207/4675] Built Mathlib.Logic.Small.Group
✔ [2208/4675] Built Mathlib.Logic.Small.Ring
✔ [2209/4675] Built Mathlib.CategoryTheory.ConcreteCategory.BundledHom
✔ [2210/4675] Built Mathlib.GroupTheory.Perm.Option
✔ [2211/4675] Built Mathlib.Logic.Equiv.Fintype
✔ [2212/4675] Built Mathlib.CategoryTheory.ChosenFiniteProducts
✔ [2213/4675] Built Mathlib.LinearAlgebra.AffineSpace.AffineMap
✔ [2214/4675] Built Mathlib.LinearAlgebra.LinearPMap
✔ [2215/4675] Built Mathlib.CategoryTheory.MorphismProperty.Concrete
✔ [2216/4675] Built Mathlib.Tactic.CategoryTheory.Elementwise
✔ [2217/4675] Built Mathlib.Algebra.Star.Module
✔ [2218/4675] Built Mathlib.CategoryTheory.Sites.Pretopology
✔ [2219/4675] Built Mathlib.Data.Nat.Factorization.PrimePow
✔ [2220/4675] Built Mathlib.Data.Nat.Factorization.Root
✔ [2221/4675] Built Mathlib.Algebra.TrivSqZeroExt
✔ [2222/4675] Built Mathlib.CategoryTheory.FintypeCat
✔ [2223/4675] Built Mathlib.CategoryTheory.Limits.MonoCoprod
✔ [2224/4675] Built Mathlib.SetTheory.Cardinal.Continuum
✔ [2225/4675] Built Mathlib.Data.W.Cardinal
✔ [2226/4675] Built Mathlib.Data.Analysis.Topology
✔ [2227/4675] Built Mathlib.ModelTheory.Encoding
✔ [2228/4675] Built Mathlib.Topology.Connected.Basic
✔ [2229/4675] Built Mathlib.Algebra.Homology.ShortComplex.Basic
✔ [2230/4675] Built Mathlib.GroupTheory.Abelianization
✔ [2231/4675] Built Mathlib.LinearAlgebra.TensorProduct.Basic
✔ [2232/4675] Built Mathlib.Data.Nat.Choose.Factorization
✔ [2233/4675] Built Mathlib.CategoryTheory.Limits.Shapes.Kernels
✔ [2234/4675] Built Mathlib.CategoryTheory.Limits.Constructions.LimitsOfProductsAndEqualizers
✔ [2235/4675] Built Mathlib.SetTheory.Cardinal.CountableCover
✔ [2236/4675] Built Mathlib.SetTheory.Cardinal.Divisibility
✔ [2237/4675] Built Mathlib.SetTheory.Cardinal.Cofinality
✔ [2238/4675] Built Mathlib.LinearAlgebra.Isomorphisms
✔ [2239/4675] Built Mathlib.LinearAlgebra.QuotientPi
✔ [2240/4675] Built Mathlib.RingTheory.Ideal.Basic
✔ [2241/4675] Built Mathlib.CategoryTheory.Category.Bipointed
✔ [2242/4675] Built Mathlib.Algebra.MonoidAlgebra.Basic
✔ [2243/4675] Built Mathlib.Data.Matroid.Constructions
✔ [2244/4675] Built Mathlib.Algebra.Exact
✔ [2245/4675] Built Mathlib.GroupTheory.Index
✔ [2246/4675] Built Mathlib.Topology.Compactness.Compact
✔ [2247/4675] Built Mathlib.CategoryTheory.Category.PartialFun
✔ [2248/4675] Built Mathlib.LinearAlgebra.Projection
✔ [2249/4675] Built Mathlib.CategoryTheory.ConcreteCategory.UnbundledHom
✔ [2250/4675] Built Mathlib.CategoryTheory.Limits.Over
✔ [2251/4675] Built Mathlib.CategoryTheory.Limits.ConcreteCategory
✔ [2252/4675] Built Mathlib.Logic.Small.Module
✔ [2253/4675] Built Mathlib.CategoryTheory.Shift.Basic
✔ [2254/4675] Built Mathlib.Topology.Category.Born
✔ [2255/4675] Built Mathlib.Order.Category.Preord
✔ [2256/4675] Built Mathlib.Algebra.Category.SemigroupCat.Basic
✔ [2257/4675] Built Mathlib.CategoryTheory.ChosenFiniteProducts.FunctorCategory
✔ [2258/4675] Built Mathlib.LinearAlgebra.AffineSpace.Slope
✔ [2259/4675] Built Mathlib.CategoryTheory.Comma.Presheaf
✔ [2260/4675] Built Mathlib.CategoryTheory.Closed.Functor
✔ [2261/4675] Built Mathlib.CategoryTheory.Elementwise
✔ [2262/4675] Built Mathlib.Algebra.DualNumber
✔ [2263/4675] Built Mathlib.LinearAlgebra.Multilinear.Basic
✔ [2264/4675] Built Mathlib.CategoryTheory.Sites.SheafOfTypes
✔ [2265/4675] Built Mathlib.CategoryTheory.ConcreteCategory.EpiMono
✔ [2266/4675] Built Mathlib.Topology.Connected.LocallyConnected
✔ [2267/4675] Built Mathlib.Topology.Connected.TotallyDisconnected
✔ [2268/4675] Built Mathlib.CategoryTheory.Limits.Shapes.Types
✔ [2269/4675] Built Mathlib.Combinatorics.Derangements.Basic
✔ [2270/4675] Built Mathlib.LinearAlgebra.AffineSpace.AffineEquiv
✔ [2271/4675] Built Mathlib.CategoryTheory.Closed.Zero
✔ [2272/4675] Built Mathlib.ModelTheory.Substructures
✔ [2273/4675] Built Mathlib.Algebra.Homology.ShortComplex.FunctorEquivalence
✔ [2274/4675] Built Mathlib.CategoryTheory.Abelian.Images
✔ [2275/4675] Built Mathlib.Algebra.Algebra.Bilinear
✔ [2276/4675] Built Mathlib.RingTheory.Coalgebra.Basic
✔ [2277/4675] Built Mathlib.CategoryTheory.Preadditive.Basic
✔ [2278/4675] Built Mathlib.Algebra.Star.NonUnitalSubalgebra
✔ [2279/4675] Built Mathlib.Algebra.Category.MonCat.Basic
✔ [2280/4675] Built Mathlib.SetTheory.Cardinal.Subfield
✔ [2281/4675] Built Mathlib.Order.Filter.CardinalInter
✔ [2282/4675] Built Mathlib.Algebra.Homology.ShortComplex.LeftHomology
✔ [2283/4675] Built Mathlib.LinearAlgebra.TensorProduct.Prod
✔ [2284/4675] Built Mathlib.CategoryTheory.Limits.Preserves.Shapes.Kernels
✔ [2285/4675] Built Mathlib.GroupTheory.FreeAbelianGroup
✔ [2286/4675] Built Mathlib.LinearAlgebra.TensorProduct.Tower
✔ [2287/4675] Built Mathlib.Algebra.MonoidAlgebra.Division
✔ [2288/4675] Built Mathlib.CategoryTheory.ConcreteCategory.Elementwise
✔ [2289/4675] Built Mathlib.LinearAlgebra.LinearIndependent
✔ [2290/4675] Built Mathlib.Algebra.Module.Submodule.Pointwise
✔ [2291/4675] Built Mathlib.CategoryTheory.Limits.Constructions.Over.Basic
✔ [2292/4675] Built Mathlib.Order.Category.OmegaCompletePartialOrder
✔ [2293/4675] Built Mathlib.CategoryTheory.Limits.Shapes.NormalMono.Basic
✔ [2294/4675] Built Mathlib.Algebra.FreeNonUnitalNonAssocAlgebra
✔ [2295/4675] Built Mathlib.CategoryTheory.Limits.Shapes.Biproducts
✔ [2296/4675] Built Mathlib.Topology.Compactness.LocallyCompact
✔ [2297/4675] Built Mathlib.MeasureTheory.MeasurableSpace.Card
✔ [2298/4675] Built Mathlib.SetTheory.Game.Short
✔ [2299/4675] Built Mathlib.GroupTheory.Commensurable
✔ [2300/4675] Built Mathlib.Topology.AlexandrovDiscrete
✔ [2301/4675] Built Mathlib.CategoryTheory.Category.TwoP
✔ [2302/4675] Built Mathlib.Algebra.MonoidAlgebra.Ideal
✔ [2303/4675] Built Mathlib.Algebra.MonoidAlgebra.Support
✔ [2304/4675] Built Mathlib.RingTheory.Ideal.Quotient
✔ [2305/4675] Built Mathlib.CategoryTheory.Limits.Opposites
✔ [2306/4675] Built Mathlib.Algebra.Homology.ShortComplex.Limits
✔ [2307/4675] Built Mathlib.Algebra.Polynomial.Basic
✔ [2308/4675] Built Mathlib.RingTheory.Localization.Basic
✔ [2309/4675] Built Mathlib.CategoryTheory.Shift.CommShift
✔ [2310/4675] Built Mathlib.CategoryTheory.Shift.Predicate
✔ [2311/4675] Built Mathlib.CategoryTheory.Limits.FintypeCat
✔ [2312/4675] Built Mathlib.GroupTheory.Solvable
✔ [2313/4675] Built Mathlib.Order.Category.PartOrd
✔ [2314/4675] Built Mathlib.Data.Matrix.Basic
✔ [2315/4675] Built Mathlib.CategoryTheory.GradedObject
✔ [2316/4675] Built Mathlib.Topology.UniformSpace.Basic
✔ [2317/4675] Built Mathlib.GroupTheory.OrderOfElement
✔ [2318/4675] Built Mathlib.ModelTheory.FinitelyGenerated
✔ [2319/4675] Built Mathlib.LinearAlgebra.AffineSpace.Midpoint
✔ [2320/4675] Built Mathlib.CategoryTheory.DifferentialObject
✔ [2321/4675] Built Mathlib.CategoryTheory.Sites.Closed
✔ [2322/4675] Built Mathlib.LinearAlgebra.Multilinear.TensorProduct
✔ [2323/4675] Built Mathlib.CategoryTheory.GlueData
✔ [2324/4675] Built Mathlib.CategoryTheory.Preadditive.FunctorCategory
✔ [2325/4675] Built Mathlib.RingTheory.Coalgebra.Hom
✔ [2326/4675] Built Mathlib.CategoryTheory.Linear.Basic
✔ [2327/4675] Built Mathlib.ModelTheory.ElementaryMaps
✔ [2328/4675] Built Mathlib.RingTheory.FreeRing
✔ [2329/4675] Built Mathlib.CategoryTheory.Monoidal.Types.Basic
✔ [2330/4675] Built Mathlib.LinearAlgebra.AffineSpace.AffineSubspace
✔ [2331/4675] Built Mathlib.CategoryTheory.Sites.EqualizerSheafCondition
✔ [2332/4675] Built Mathlib.LinearAlgebra.Dimension.Basic
✔ [2333/4675] Built Mathlib.Topology.Compactness.SigmaCompact
✔ [2334/4675] Built Mathlib.CategoryTheory.Subobject.MonoOver
✔ [2335/4675] Built Mathlib.CategoryTheory.SingleObj
✔ [2336/4675] Built Mathlib.Combinatorics.Derangements.Finite
✔ [2337/4675] Built Mathlib.CategoryTheory.Limits.Shapes.ConcreteCategory
✔ [2338/4675] Built Mathlib.LinearAlgebra.DFinsupp
✔ [2339/4675] Built Mathlib.SetTheory.Game.State
✔ [2340/4675] Built Mathlib.Algebra.Category.MonCat.Colimits
✔ [2341/4675] Built Mathlib.Algebra.Algebra.Unitization
✔ [2342/4675] Built Mathlib.CategoryTheory.Limits.Shapes.NormalMono.Equalizers
✔ [2343/4675] Built Mathlib.Algebra.Category.GroupWithZeroCat
✔ [2344/4675] Built Mathlib.Algebra.MonoidAlgebra.Degree
✔ [2345/4675] Built Mathlib.Algebra.Category.GroupCat.Basic
✔ [2346/4675] Built Mathlib.CategoryTheory.Limits.Preserves.Shapes.Biproducts
✔ [2347/4675] Built Mathlib.Algebra.RingQuot
✔ [2348/4675] Built Mathlib.LinearAlgebra.Ray
✔ [2349/4675] Built Mathlib.NumberTheory.Multiplicity
✔ [2350/4675] Built Mathlib.NumberTheory.Basic
✔ [2351/4675] Built Mathlib.Algebra.Polynomial.Monomial
✔ [2352/4675] Built Mathlib.RingTheory.Localization.Integer
✔ [2353/4675] Built Mathlib.CategoryTheory.Limits.Constructions.Filtered
✔ [2354/4675] Built Mathlib.CategoryTheory.Triangulated.Basic
✔ [2355/4675] Built Mathlib.LinearAlgebra.Basis
✔ [2356/4675] Built Mathlib.Algebra.Homology.ShortComplex.RightHomology
✔ [2357/4675] Built Mathlib.CategoryTheory.Shift.SingleFunctors
✔ [2358/4675] Built Mathlib.CategoryTheory.Limits.Preserves.Opposites
✔ [2359/4675] Built Mathlib.CategoryTheory.Shift.Induced
✔ [2360/4675] Built Mathlib.Algebra.Category.MonCat.Adjunctions
✔ [2361/4675] Built Mathlib.Algebra.Polynomial.Cardinal
✔ [2362/4675] Built Mathlib.CategoryTheory.Preadditive.OfBiproducts
✔ [2363/4675] Built Mathlib.Algebra.Polynomial.Induction
✔ [2364/4675] Built Mathlib.CategoryTheory.Limits.Final
✔ [2365/4675] Built Mathlib.LinearAlgebra.Matrix.Orthogonal
✔ [2366/4675] Built Mathlib.Data.Matrix.Invertible
✔ [2367/4675] Built Mathlib.Data.Matrix.RowCol
✔ [2368/4675] Built Mathlib.CategoryTheory.GradedObject.Single
✔ [2369/4675] Built Mathlib.Order.Filter.Cocardinal
✔ [2370/4675] Built Mathlib.Data.Matrix.Block
✔ [2371/4675] Built Mathlib.RingTheory.Localization.FractionRing
✔ [2372/4675] Built Mathlib.Order.Category.FinPartOrd
✔ [2373/4675] Built Mathlib.Data.Matrix.DualNumber
✔ [2374/4675] Built Mathlib.Data.Matrix.CharP
✔ [2375/4675] Built Mathlib.CategoryTheory.GradedObject.Bifunctor
✔ [2376/4675] Built Mathlib.Combinatorics.SimpleGraph.IncMatrix
✔ [2377/4675] Built Mathlib.Topology.UniformSpace.AbsoluteValue
✔ [2378/4675] Built Mathlib.LinearAlgebra.AffineSpace.MidpointZero
✔ [2379/4675] Built Mathlib.CategoryTheory.Limits.IndYoneda
✔ [2380/4675] Built Mathlib.Order.Category.Lat
✔ [2381/4675] Built Mathlib.NumberTheory.MulChar.Basic
✔ [2382/4675] Built Mathlib.Order.Category.Semilat
✔ [2383/4675] Built Mathlib.Data.Matrix.PEquiv
✔ [2384/4675] Built Mathlib.RingTheory.Coalgebra.Equiv
✔ [2385/4675] Built Mathlib.Algebra.Polynomial.Coeff
✔ [2386/4675] Built Mathlib.LinearAlgebra.FiniteSpan
✔ [2387/4675] Built Mathlib.Algebra.Module.LocalizedModule
✔ [2388/4675] Built Mathlib.Order.Category.BddOrd
✔ [2389/4675] Built Mathlib.SetTheory.Surreal.Dyadic
✔ [2390/4675] Built Mathlib.ModelTheory.ElementarySubstructures
✔ [2391/4675] Built Mathlib.LinearAlgebra.AffineSpace.Pointwise
✔ [2392/4675] Built Mathlib.LinearAlgebra.AffineSpace.Restrict
✔ [2393/4675] Built Mathlib.Algebra.Category.MonCat.Limits
✔ [2394/4675] Built Mathlib.CategoryTheory.Monoidal.Types.Symmetric
✔ [2395/4675] Built Mathlib.Data.ZMod.Basic
✔ [2396/4675] Built Mathlib.CategoryTheory.Monoidal.Types.Coyoneda
✔ [2397/4675] Built Mathlib.LinearAlgebra.AffineSpace.Ordered
✔ [2398/4675] Built Mathlib.Topology.Compactness.Lindelof
✔ [2399/4675] Built Mathlib.GroupTheory.Perm.Finite
✔ [2400/4675] Built Mathlib.CategoryTheory.Linear.FunctorCategory
✔ [2401/4675] Built Mathlib.CategoryTheory.Subterminal
✔ [2402/4675] Built Mathlib.CategoryTheory.Preadditive.SingleObj
✔ [2403/4675] Built Mathlib.SetTheory.Game.Domineering
✔ [2404/4675] Built Mathlib.CategoryTheory.Sites.NonabelianCohomology.H1
✔ [2405/4675] Built Mathlib.CategoryTheory.Limits.Shapes.CommSq
✔ [2406/4675] Built Mathlib.LinearAlgebra.Dimension.Finrank
✔ [2407/4675] Built Mathlib.CategoryTheory.Limits.Shapes.SingleObj
✔ [2408/4675] Built Mathlib.Algebra.Homology.ShortComplex.Homology
✔ [2409/4675] Built Mathlib.RingTheory.AlgebraTower
✔ [2410/4675] Built Mathlib.LinearAlgebra.PiTensorProduct
✔ [2411/4675] Built Mathlib.Algebra.Category.GroupCat.Zero
✔ [2412/4675] Built Mathlib.CategoryTheory.Sites.Sheaf
✔ [2413/4675] Built Mathlib.Algebra.Category.GroupCat.Adjunctions
✔ [2414/4675] Built Mathlib.Algebra.DirectSum.Module
✔ [2415/4675] Built Mathlib.Algebra.Category.GroupCat.Preadditive
✔ [2416/4675] Built Mathlib.Algebra.Category.GroupCat.ForgetCorepresentable
✔ [2417/4675] Built Mathlib.LinearAlgebra.AffineSpace.Combination
✔ [2418/4675] Built Mathlib.Algebra.Category.GroupCat.EquivalenceGroupAddGroup
✔ [2419/4675] Built Mathlib.CategoryTheory.Limits.Final.ParallelPair
✔ [2420/4675] Built Mathlib.GroupTheory.NoncommPiCoprod
✔ [2421/4675] Built Mathlib.LinearAlgebra.Basis.Bilinear
✔ [2422/4675] Built Mathlib.LinearAlgebra.Multilinear.Basis
✔ [2423/4675] Built Mathlib.LinearAlgebra.Matrix.Symmetric
✔ [2424/4675] Built Mathlib.Topology.Separation
✔ [2425/4675] Built Mathlib.CategoryTheory.Action
✔ [2426/4675] Built Mathlib.CategoryTheory.Filtered.Final
✔ [2427/4675] Built Mathlib.CategoryTheory.GuitartExact.Basic
✔ [2428/4675] Built Mathlib.RingTheory.Ideal.Basis
✔ [2429/4675] Built Mathlib.CategoryTheory.Shift.Localization
✔ [2430/4675] Built Mathlib.CategoryTheory.Shift.Quotient
✔ [2431/4675] Built Mathlib.Analysis.Convex.Segment
✔ [2432/4675] Built Mathlib.LinearAlgebra.BilinearForm.Hom
✔ [2433/4675] Built Mathlib.Algebra.Category.Ring.Basic
✔ [2434/4675] Built Mathlib.CategoryTheory.Category.Grpd
✔ [2435/4675] Built Mathlib.CategoryTheory.Abelian.NonPreadditive
✔ [2436/4675] Built Mathlib.Order.Category.LinOrd
✔ [2437/4675] Built Mathlib.Order.Category.DistLat
✔ [2438/4675] Built Mathlib.CategoryTheory.Limits.IsConnected
✔ [2439/4675] Built Mathlib.LinearAlgebra.Matrix.Trace
✔ [2440/4675] Built Mathlib.ModelTheory.Skolem
✔ [2441/4675] Built Mathlib.LinearAlgebra.SesquilinearForm
✔ [2442/4675] Built Mathlib.CategoryTheory.Subobject.Basic
✔ [2443/4675] Built Mathlib.Data.Nat.Choose.Vandermonde
✔ [2444/4675] Built Mathlib.CategoryTheory.Monoidal.Internal.Types
✔ [2445/4675] Built Mathlib.CategoryTheory.Limits.Presheaf
✔ [2446/4675] Built Mathlib.Data.Matrix.Notation
✔ [2447/4675] Built Mathlib.Data.ZMod.Factorial
✔ [2448/4675] Built Mathlib.CategoryTheory.Preadditive.Biproducts
✔ [2449/4675] Built Mathlib.Data.ZMod.IntUnitsPower
✔ [2450/4675] Built Mathlib.Data.ZMod.Parity
✔ [2451/4675] Built Mathlib.ModelTheory.Bundled
✔ [2452/4675] Built Mathlib.CategoryTheory.Limits.Shapes.Countable
✔ [2453/4675] Built Mathlib.Algebra.Module.Submodule.Localization
✔ [2454/4675] Built Mathlib.Data.ZMod.Algebra
✔ [2455/4675] Built Mathlib.CategoryTheory.Limits.EpiMono
✔ [2456/4675] Built Mathlib.Data.ZMod.Module
✔ [2457/4675] Built Mathlib.CategoryTheory.Closed.Ideal
✔ [2458/4675] Built Mathlib.NumberTheory.LegendreSymbol.ZModChar
✔ [2459/4675] Built Mathlib.Algebra.Algebra.Operations
✔ [2460/4675] Built Mathlib.RingTheory.Localization.Module
✔ [2461/4675] Built Mathlib.Algebra.Homology.ShortComplex.QuasiIso
✔ [2462/4675] Built Mathlib.Order.Category.BddLat
✔ [2463/4675] Built Mathlib.RepresentationTheory.Action.Basic
✔ [2464/4675] Built Mathlib.CategoryTheory.Sites.CoversTop
✔ [2465/4675] Built Mathlib.CategoryTheory.GradedObject.Trifunctor
✔ [2466/4675] Built Mathlib.CategoryTheory.Sites.OneHypercover
✔ [2467/4675] Built Mathlib.CategoryTheory.Sites.Canonical
✔ [2468/4675] Built Mathlib.CategoryTheory.Sites.Coverage
✔ [2469/4675] Built Mathlib.GroupTheory.Perm.Cycle.Basic
✔ [2470/4675] Built Mathlib.CategoryTheory.Sites.Whiskering
✔ [2471/4675] Built Mathlib.Data.ZMod.Units
✔ [2472/4675] Built Mathlib.CategoryTheory.Sites.Preserves
✔ [2473/4675] Built Mathlib.Topology.Connected.Separation
✔ [2474/4675] Built Mathlib.CategoryTheory.Limits.Shapes.KernelPair
✔ [2475/4675] Built Mathlib.Topology.ShrinkingLemma
✔ [2476/4675] Built Mathlib.Topology.Perfect
✔ [2477/4675] Built Mathlib.LinearAlgebra.DirectSum.TensorProduct
✔ [2478/4675] Built Mathlib.Topology.ExtendFrom
✔ [2479/4675] Built Mathlib.CategoryTheory.Sites.Plus
✔ [2480/4675] Built Mathlib.Topology.IndicatorConstPointwise
✔ [2481/4675] Built Mathlib.Topology.Sober
✔ [2482/4675] Built Mathlib.CategoryTheory.Limits.FinallySmall
✔ [2483/4675] Built Mathlib.CategoryTheory.Enriched.Basic
✔ [2484/4675] Built Mathlib.Topology.Order.OrderClosed
✔ [2485/4675] Built Mathlib.Algebra.Category.MonCat.FilteredColimits
✔ [2486/4675] Built Mathlib.LinearAlgebra.Matrix.Circulant
✔ [2487/4675] Built Mathlib.Algebra.DirectSum.Finsupp
✔ [2488/4675] Built Mathlib.Topology.UniformSpace.Separation
✔ [2489/4675] Built Mathlib.Topology.SeparatedMap
✔ [2490/4675] Built Mathlib.Topology.DiscreteSubset
✔ [2491/4675] Built Mathlib.Dynamics.FixedPoints.Topology
✔ [2492/4675] Built Mathlib.Topology.Support
✔ [2493/4675] Built Mathlib.Algebra.DirectSum.Decomposition
✔ [2494/4675] Built Mathlib.Topology.Order.Priestley
✔ [2495/4675] Built Mathlib.CategoryTheory.Sites.Sheafification
✔ [2496/4675] Built Mathlib.LinearAlgebra.Alternating.Basic
✔ [2497/4675] Built Mathlib.CategoryTheory.GuitartExact.VerticalComposition
✔ [2498/4675] Built Mathlib.Algebra.DirectSum.Algebra
✔ [2499/4675] Built Mathlib.Topology.Algebra.Semigroup
✔ [2500/4675] Built Mathlib.NumberTheory.LucasLehmer
✔ [2501/4675] Built Mathlib.Topology.CountableSeparatingOn
✔ [2502/4675] Built Mathlib.Topology.Algebra.InfiniteSum.Defs
✔ [2503/4675] Built Mathlib.Topology.DenseEmbedding
✔ [2504/4675] Built Mathlib.Topology.GDelta
✔ [2505/4675] Built Mathlib.Topology.Filter
✔ [2506/4675] Built Mathlib.Data.Matrix.Hadamard
✔ [2507/4675] Built Mathlib.Algebra.Category.GroupCat.EpiMono
✔ [2508/4675] Built Mathlib.Algebra.Category.Ring.Colimits
✔ [2509/4675] Built Mathlib.Analysis.Convex.Star
✔ [2510/4675] Built Mathlib.Data.Matrix.Basis
✔ [2511/4675] Built Mathlib.CategoryTheory.Limits.Preserves.FunctorCategory
✔ [2512/4675] Built Mathlib.Combinatorics.Optimization.ValuedCSP
✔ [2513/4675] Built Mathlib.Algebra.Ring.NegOnePow
✔ [2514/4675] Built Mathlib.Algebra.Polynomial.Degree.Definitions
✔ [2515/4675] Built Mathlib.Combinatorics.SimpleGraph.AdjMatrix
✔ [2516/4675] Built Mathlib.Combinatorics.SimpleGraph.DegreeSum
✔ [2517/4675] Built Mathlib.CategoryTheory.Subobject.WellPowered
✔ [2518/4675] Built Mathlib.CategoryTheory.Limits.VanKampen
✔ [2519/4675] Built Mathlib.CategoryTheory.Subobject.FactorThru
✔ [2520/4675] Built Mathlib.GroupTheory.FreeGroup.NielsenSchreier
✔ [2521/4675] Built Mathlib.Algebra.Category.GroupCat.Colimits
✔ [2522/4675] Built Mathlib.CategoryTheory.Preadditive.AdditiveFunctor
✔ [2523/4675] Built Mathlib.RingTheory.PiTensorProduct
✔ [2524/4675] Built Mathlib.CategoryTheory.GradedObject.Associator
✔ [2525/4675] Built Mathlib.CategoryTheory.Sites.IsSheafOneHypercover
✔ [2526/4675] Built Mathlib.CategoryTheory.Sites.Types
✔ [2527/4675] Built Mathlib.Algebra.Algebra.Subalgebra.Basic
✔ [2528/4675] Built Mathlib.ModelTheory.Satisfiability
✔ [2529/4675] Built Mathlib.Data.Matrix.Reflection
✔ [2530/4675] Built Mathlib.GroupTheory.Perm.Closure
✔ [2531/4675] Built Mathlib.RepresentationTheory.Action.Concrete
✔ [2532/4675] Built Mathlib.Algebra.Order.Chebyshev
✔ [2533/4675] Built Mathlib.Order.Category.NonemptyFinLinOrd
✔ [2534/4675] Built Mathlib.GroupTheory.Perm.Cycle.Factors
✔ [2535/4675] Built Mathlib.Order.Category.CompleteLat
✔ [2536/4675] Built Mathlib.Order.Category.BddDistLat
✔ [2537/4675] Built Mathlib.CategoryTheory.Limits.Shapes.Reflexive
✔ [2538/4675] Built Mathlib.Topology.Order.Lattice
✔ [2539/4675] Built Mathlib.CategoryTheory.Sites.ConstantSheaf
✔ [2540/4675] Built Mathlib.Topology.Order.Basic
✔ [2541/4675] Built Mathlib.Algebra.Category.GroupCat.Limits
✔ [2542/4675] Built Mathlib.GroupTheory.Coxeter.Matrix
✔ [2543/4675] Built Mathlib.Algebra.Category.GroupCat.FilteredColimits
✔ [2544/4675] Built Mathlib.CategoryTheory.Sites.Localization
✔ [2545/4675] Built Mathlib.CategoryTheory.Sites.CompatiblePlus
✔ [2546/4675] Built Mathlib.NumberTheory.DirichletCharacter.Basic
✔ [2547/4675] Built Mathlib.CategoryTheory.Localization.DerivabilityStructure.Basic
✔ [2548/4675] Built Mathlib.Topology.Order.ExtrClosure
✔ [2549/4675] Built Mathlib.Topology.Baire.Lemmas
✔ [2550/4675] Built Mathlib.CategoryTheory.Sites.ConcreteSheafification
✔ [2551/4675] Built Mathlib.Algebra.Homology.ShortComplex.PreservesHomology
✔ [2552/4675] Built Mathlib.Topology.StoneCech
✔ [2553/4675] Built Mathlib.CategoryTheory.Sites.Limits
✔ [2554/4675] Built Mathlib.RingTheory.Ideal.Operations
✔ [2555/4675] Built Mathlib.CategoryTheory.Abelian.Basic
✔ [2556/4675] Built Mathlib.CategoryTheory.Limits.Indization.IndObject
✔ [2557/4675] Built Mathlib.LinearAlgebra.TensorPower
✔ [2558/4675] Built Mathlib.RingTheory.Polynomial.Opposites
✔ [2559/4675] Built Mathlib.Algebra.Homology.ComplexShapeSigns
✔ [2560/4675] Built Mathlib.Algebra.MonoidAlgebra.ToDirectSum
✔ [2561/4675] Built Mathlib.LinearAlgebra.Alternating.DomCoprod
✔ [2562/4675] Built Mathlib.LinearAlgebra.DirectSum.Finsupp
✔ [2563/4675] Built Mathlib.Algebra.Category.GroupCat.Kernels
✔ [2564/4675] Built Mathlib.Algebra.Polynomial.Degree.TrailingDegree
✔ [2565/4675] Built Mathlib.Topology.Homeomorph
✔ [2566/4675] Built Mathlib.Analysis.Convex.Basic
✔ [2567/4675] Built Mathlib.Algebra.Polynomial.Eval
✔ [2568/4675] Built Mathlib.CategoryTheory.Preadditive.LeftExact
✔ [2569/4675] Built Mathlib.CategoryTheory.Limits.Shapes.Diagonal
✔ [2570/4675] Built Mathlib.CategoryTheory.Shift.ShiftSequence
✔ [2571/4675] Built Mathlib.Algebra.Category.ModuleCat.Basic
✔ [2572/4675] Built Mathlib.CategoryTheory.Shift.Pullback
✔ [2573/4675] Built Mathlib.CategoryTheory.Shift.ShiftedHom
✔ [2574/4675] Built Mathlib.CategoryTheory.Quotient.Preadditive
✔ [2575/4675] Built Mathlib.Combinatorics.SimpleGraph.Matching
✔ [2576/4675] Built Mathlib.ModelTheory.Types
✔ [2577/4675] Built Mathlib.LinearAlgebra.StdBasis
✔ [2578/4675] Built Mathlib.CategoryTheory.Preadditive.EndoFunctor
✔ [2579/4675] Built Mathlib.Algebra.Algebra.Subalgebra.Prod
✔ [2580/4675] Built Mathlib.CategoryTheory.Preadditive.Opposite
✔ [2581/4675] Built Mathlib.CategoryTheory.Preadditive.EilenbergMoore
✔ [2582/4675] Built Mathlib.CategoryTheory.Triangulated.Rotate
✔ [2583/4675] Built Mathlib.Data.Matrix.Auto
✔ [2584/4675] Built Mathlib.CategoryTheory.Linear.LinearFunctor
✔ [2585/4675] Built Mathlib.CategoryTheory.Closed.Types
✔ [2586/4675] Built Mathlib.CategoryTheory.Localization.CalculusOfFractions.Preadditive
✔ [2587/4675] Built Mathlib.CategoryTheory.Monoidal.Preadditive
✔ [2588/4675] Built Mathlib.Algebra.Periodic
✔ [2589/4675] Built Mathlib.CategoryTheory.GradedObject.Unitor
✔ [2590/4675] Built Mathlib.CategoryTheory.Subobject.Lattice
✔ [2591/4675] Built Mathlib.CategoryTheory.Subobject.Comma
✔ [2592/4675] Built Mathlib.Algebra.Algebra.Subalgebra.Directed
✔ [2593/4675] Built Mathlib.Algebra.Algebra.Subalgebra.Tower
✔ [2594/4675] Built Mathlib.ModelTheory.Graph
✔ [2595/4675] Built Mathlib.CategoryTheory.Subobject.Types
✔ [2596/4675] Built Mathlib.Combinatorics.SimpleGraph.StronglyRegular
✔ [2597/4675] Built Mathlib.Topology.Order.NhdsSet
✔ [2598/4675] Built Mathlib.Topology.Order.MonotoneConvergence
✔ [2599/4675] Built Mathlib.Topology.Order.Filter
✔ [2600/4675] Built Mathlib.Topology.Algebra.Order.Archimedean
✔ [2601/4675] Built Mathlib.Topology.Instances.Sign
✔ [2602/4675] Built Mathlib.Topology.Order.T5
✔ [2603/4675] Built Mathlib.Topology.Order.ProjIcc
✔ [2604/4675] Built Mathlib.Algebra.DirectSum.Internal
✔ [2605/4675] Built Mathlib.Order.Category.HeytAlg
✔ [2606/4675] Built Mathlib.GroupTheory.Coxeter.Basic
✔ [2607/4675] Built Mathlib.RingTheory.HahnSeries.Multiplication
✔ [2608/4675] Built Mathlib.Topology.Order.PartialSups
✔ [2609/4675] Built Mathlib.Algebra.Category.Ring.FilteredColimits
✔ [2610/4675] Built Mathlib.Order.Category.FinBddDistLat
✔ [2611/4675] Built Mathlib.Algebra.Category.GroupCat.Biproducts
✔ [2612/4675] Built Mathlib.RingTheory.Ideal.IsPrimary
✔ [2613/4675] Built Mathlib.AlgebraicTopology.SimplexCategory
✔ [2614/4675] Built Mathlib.Topology.Order.LeftRightNhds
✔ [2615/4675] Built Mathlib.CategoryTheory.Idempotents.Basic
✔ [2616/4675] Built Mathlib.CategoryTheory.Sites.CompatibleSheafification
✔ [2617/4675] Built Mathlib.RingTheory.Coprime.Ideal
✔ [2618/4675] Built Mathlib.RingTheory.Ideal.Colon
✔ [2619/4675] Built Mathlib.Algebra.Algebra.Subalgebra.Order
✔ [2620/4675] Built Mathlib.CategoryTheory.Monad.Coequalizer
✔ [2621/4675] Built Mathlib.Topology.FiberBundle.IsHomeomorphicTrivialBundle
✔ [2622/4675] Built Mathlib.RingTheory.Ideal.Maps
✔ [2623/4675] Built Mathlib.Topology.Algebra.Constructions
✔ [2624/4675] Built Mathlib.GroupTheory.Perm.Cycle.Type
✔ [2625/4675] Built Mathlib.Algebra.Category.GroupCat.ZModuleEquivalence
✔ [2626/4675] Built Mathlib.Combinatorics.Hindman
✔ [2627/4675] Built Mathlib.Algebra.Polynomial.Degree.Lemmas
✔ [2628/4675] Built Mathlib.Topology.ContinuousFunction.Basic
✔ [2629/4675] Built Mathlib.CategoryTheory.Limits.FilteredColimitCommutesFiniteLimit
✔ [2630/4675] Built Mathlib.CategoryTheory.Abelian.Transfer
✔ [2631/4675] Built Mathlib.Algebra.Homology.ShortComplex.ExactFunctor
✔ [2632/4675] Built Mathlib.CategoryTheory.Shift.InducedShiftSequence
✔ [2633/4675] Built Mathlib.Algebra.Category.Ring.Limits
✔ [2634/4675] Built Mathlib.Algebra.Category.ModuleCat.Algebra
✔ [2635/4675] Built Mathlib.Algebra.Category.ModuleCat.EpiMono
✔ [2636/4675] Built Mathlib.Algebra.Category.ModuleCat.FilteredColimits
✔ [2637/4675] Built Mathlib.Topology.ExtremallyDisconnected
✔ [2638/4675] Built Mathlib.Topology.Compactness.Paracompact
✔ [2639/4675] Built Mathlib.LinearAlgebra.Matrix.DotProduct
✔ [2640/4675] Built Mathlib.Analysis.Convex.Hull
✔ [2641/4675] Built Mathlib.CategoryTheory.Preadditive.Mat
✔ [2642/4675] Built Mathlib.LinearAlgebra.SModEq
✔ [2643/4675] Built Mathlib.Algebra.Category.ModuleCat.Tannaka
✔ [2644/4675] Built Mathlib.LinearAlgebra.FinsuppVectorSpace
✔ [2645/4675] Built Mathlib.CategoryTheory.Shift.Opposite
✔ [2646/4675] Built Mathlib.Algebra.Category.CoalgebraCat.Basic
✔ [2647/4675] Built Mathlib.CategoryTheory.Quotient.Linear
✔ [2648/4675] Built Mathlib.CategoryTheory.Abelian.FunctorCategory
✔ [2649/4675] Built Mathlib.Topology.Order.LowerUpperTopology
✔ [2650/4675] Built Mathlib.CategoryTheory.MorphismProperty.Limits
✔ [2651/4675] Built Mathlib.CategoryTheory.Subobject.Limits
✔ [2652/4675] Built Mathlib.CategoryTheory.Monoidal.Linear
✔ [2653/4675] Built Mathlib.Algebra.Category.ModuleCat.Colimits
✔ [2654/4675] Built Mathlib.Algebra.Polynomial.Derivative
✔ [2655/4675] Built Mathlib.Algebra.Category.ModuleCat.Products
✔ [2656/4675] Built Mathlib.Algebra.Homology.ShortComplex.Preadditive
✔ [2657/4675] Built Mathlib.Computability.TMComputable
✔ [2658/4675] Built Mathlib.CategoryTheory.Abelian.Opposite
✔ [2659/4675] Built Mathlib.Order.Category.BoolAlg
✔ [2660/4675] Built Mathlib.CategoryTheory.Simple
✔ [2661/4675] Built Mathlib.CategoryTheory.Galois.Basic
✔ [2662/4675] Built Mathlib.GroupTheory.Coxeter.Length
✔ [2663/4675] Built Mathlib.Algebra.Vertex.HVertexOperator
✔ [2664/4675] Built Mathlib.CategoryTheory.Preadditive.Yoneda.Basic
✔ [2665/4675] Built Mathlib.Topology.Order.IsLUB
✔ [2666/4675] Built Mathlib.Topology.ProperMap
✔ [2667/4675] Built Mathlib.Analysis.Convex.Function
✔ [2668/4675] Built Mathlib.Topology.Order.MonotoneContinuity
✔ [2669/4675] Built Mathlib.Algebra.ContinuedFractions.Computation.ApproximationCorollaries
✔ [2670/4675] Built Mathlib.Data.Nat.Periodic
✔ [2671/4675] Built Mathlib.CategoryTheory.Adjunction.Lifting
✔ [2672/4675] Built Mathlib.RingTheory.Ideal.Prod
✔ [2673/4675] Built Mathlib.RingTheory.GradedAlgebra.Basic
✔ [2674/4675] Built Mathlib.CategoryTheory.Idempotents.Karoubi
✔ [2675/4675] Built Mathlib.CategoryTheory.Generator
✔ [2676/4675] Built Mathlib.Topology.Hom.Open
✔ [2677/4675] Built Mathlib.Topology.Spectral.Hom
✔ [2678/4675] Built Mathlib.Topology.ContinuousFunction.CocompactMap
✔ [2679/4675] Built Mathlib.Tactic.ComputeDegree
✔ [2680/4675] Built Mathlib.CategoryTheory.Triangulated.TriangleShift
✔ [2681/4675] Built Mathlib.Algebra.Algebra.Subalgebra.Operations
✔ [2682/4675] Built Mathlib.Topology.CompactOpen
✔ [2683/4675] Built Mathlib.Topology.Category.TopCat.Basic
✔ [2684/4675] Built Mathlib.Algebra.Polynomial.EraseLead
✔ [2685/4675] Built Mathlib.Topology.Order.Hom.Basic
✔ [2686/4675] Built Mathlib.LinearAlgebra.Matrix.ToLin
✔ [2687/4675] Built Mathlib.RingTheory.Adjoin.Basic
✔ [2688/4675] Built Mathlib.CategoryTheory.Sites.PreservesSheafification
✔ [2689/4675] Built Mathlib.Analysis.Convex.Extreme
✔ [2690/4675] Built Mathlib.CategoryTheory.Monad.Monadicity
✔ [2691/4675] Built Mathlib.Analysis.Convex.Join
✔ [2692/4675] Built Mathlib.Algebra.CharP.Quotient
✔ [2693/4675] Built Mathlib.Analysis.Convex.Cone.Basic
✔ [2694/4675] Built Mathlib.Topology.Algebra.Star
✔ [2695/4675] Built Mathlib.Algebra.CharP.CharAndCard
✔ [2696/4675] Built Mathlib.RingTheory.Valuation.Basic
✔ [2697/4675] Built Mathlib.GroupTheory.Perm.Cycle.Concrete
✔ [2698/4675] Built Mathlib.LinearAlgebra.TensorProduct.Basis
✔ [2699/4675] Built Mathlib.Topology.Order.UpperLowerSetTopology
✔ [2700/4675] Built Mathlib.CategoryTheory.Localization.FiniteProducts
✔ [2701/4675] Built Mathlib.RingTheory.Finiteness
✔ [2702/4675] Built Mathlib.Algebra.Category.ModuleCat.Kernels
✔ [2703/4675] Built Mathlib.Algebra.Homology.ImageToKernel
✔ [2704/4675] Built Mathlib.GroupTheory.FixedPointFree
✔ [2705/4675] Built Mathlib.Topology.ContinuousFunction.Ordered
✔ [2706/4675] Built Mathlib.Topology.UniformSpace.Cauchy
✔ [2707/4675] Built Mathlib.Topology.Sets.Opens
✔ [2708/4675] Built Mathlib.Algebra.Order.ToIntervalMod
✔ [2709/4675] Built Mathlib.AlgebraicTopology.SimplicialObject
✔ [2710/4675] Built Mathlib.CategoryTheory.Abelian.Subobject
✔ [2711/4675] Built Mathlib.Algebra.Category.BoolRing
✔ [2712/4675] Built Mathlib.Topology.Order.Monotone
✔ [2713/4675] Built Mathlib.CategoryTheory.Noetherian
✔ [2714/4675] Built Mathlib.Algebra.Category.ModuleCat.Monoidal.Basic
✔ [2715/4675] Built Mathlib.GroupTheory.Perm.Fin
✔ [2716/4675] Built Mathlib.Analysis.Convex.Quasiconvex
✔ [2717/4675] Built Mathlib.Algebra.Homology.ShortComplex.Linear
✔ [2718/4675] Built Mathlib.Topology.Order.DenselyOrdered
✔ [2719/4675] Built Mathlib.RingTheory.Polynomial.Hermite.Basic
✔ [2720/4675] Built Mathlib.CategoryTheory.Linear.Yoneda
✔ [2721/4675] Built Mathlib.RingTheory.Polynomial.Chebyshev
✔ [2722/4675] Built Mathlib.Algebra.Polynomial.Identities
✔ [2723/4675] Built Mathlib.GroupTheory.Coxeter.Inversion
✔ [2724/4675] Built Mathlib.CategoryTheory.Sites.Abelian
✔ [2725/4675] Built Mathlib.CategoryTheory.Idempotents.Biproducts
✔ [2726/4675] Built Mathlib.CategoryTheory.Idempotents.KaroubiKaroubi
✔ [2727/4675] Built Mathlib.Algebra.Homology.HomologicalComplex
✔ [2728/4675] Built Mathlib.CategoryTheory.Idempotents.FunctorCategories
✔ [2729/4675] Built Mathlib.RingTheory.GradedAlgebra.HomogeneousIdeal
✔ [2730/4675] Built Mathlib.Analysis.Convex.Mul
✔ [2731/4675] Built Mathlib.Topology.ContinuousFunction.Sigma
✔ [2732/4675] Built Mathlib.Topology.Algebra.ConstMulAction
✔ [2733/4675] Built Mathlib.Algebra.Polynomial.CancelLeads
✔ [2734/4675] Built Mathlib.Algebra.MonoidAlgebra.Grading
✔ [2735/4675] Built Mathlib.Topology.Category.FinTopCat
✔ [2736/4675] Built Mathlib.CategoryTheory.Idempotents.FunctorExtension
✔ [2737/4675] Built Mathlib.CategoryTheory.Preadditive.Generator
✔ [2738/4675] Built Mathlib.Topology.Order.Hom.Esakia
✔ [2739/4675] Built Mathlib.Algebra.Algebra.Subalgebra.Pointwise
✔ [2740/4675] Built Mathlib.CategoryTheory.Triangulated.Pretriangulated
✔ [2741/4675] Built Mathlib.Algebra.Polynomial.AlgebraMap
✔ [2742/4675] Built Mathlib.RingTheory.Valuation.Integers
✔ [2743/4675] Built Mathlib.GroupTheory.Perm.Cycle.PossibleTypes
✔ [2744/4675] Built Mathlib.CategoryTheory.Sites.Adjunction
✔ [2745/4675] Built Mathlib.Topology.Category.TopCat.Limits.Basic
✔ [2746/4675] Built Mathlib.Algebra.Star.Subalgebra
✔ [2747/4675] Built Mathlib.Topology.Category.TopCat.Adjunctions
✔ [2748/4675] Built Mathlib.Algebra.Polynomial.DenomsClearable
✔ [2749/4675] Built Mathlib.Algebra.MvPolynomial.Basic
✔ [2750/4675] Built Mathlib.Topology.Order.ScottTopology
✔ [2751/4675] Built Mathlib.Analysis.Convex.Slope
✔ [2752/4675] Built Mathlib.CategoryTheory.Monoidal.Subcategory
✔ [2753/4675] Built Mathlib.RingTheory.Valuation.PrimeMultiplicity
✔ [2754/4675] Built Mathlib.RepresentationTheory.Action.Limits
✔ [2755/4675] Built Mathlib.RingTheory.Valuation.RankOne
✔ [2756/4675] Built Mathlib.Algebra.Polynomial.Inductions
✔ [2757/4675] Built Mathlib.Algebra.Polynomial.Reverse
✔ [2758/4675] Built Mathlib.RingTheory.HahnSeries.Summable
✔ [2759/4675] Built Mathlib.LinearAlgebra.FreeModule.Basic
✔ [2760/4675] Built Mathlib.CategoryTheory.Galois.GaloisObjects
✔ [2761/4675] Built Mathlib.Algebra.Homology.Exact
✔ [2762/4675] Built Mathlib.Analysis.NormedSpace.WithLp
✔ [2763/4675] Built Mathlib.CategoryTheory.Functor.Flat
✔ [2764/4675] Built Mathlib.LinearAlgebra.TensorProduct.Finiteness
✔ [2765/4675] Built Mathlib.Order.Category.FinBoolAlg
✔ [2766/4675] Built Mathlib.Topology.LocalAtTarget
✔ [2767/4675] Built Mathlib.Topology.Sets.Closeds
✔ [2768/4675] Built Mathlib.Topology.Sequences
✔ [2769/4675] Built Mathlib.RingTheory.OrzechProperty
✔ [2770/4675] Built Mathlib.Topology.UniformSpace.UniformConvergence
✔ [2771/4675] Built Mathlib.CategoryTheory.Sites.Spaces
✔ [2772/4675] Built Mathlib.Topology.Compactification.OnePoint
✔ [2773/4675] Built Mathlib.RingTheory.Ideal.IdempotentFG
✔ [2774/4675] Built Mathlib.Topology.PartialHomeomorph
✔ [2775/4675] Built Mathlib.Analysis.Convex.Cone.Extension
✔ [2776/4675] Built Mathlib.SetTheory.Ordinal.Topology
✔ [2777/4675] Built Mathlib.RingTheory.Ideal.QuotientOperations
✔ [2778/4675] Built Mathlib.Topology.Order.LeftRightLim
✔ [2779/4675] Built Mathlib.Algebra.Category.ModuleCat.Monoidal.Symmetric
✔ [2780/4675] Built Mathlib.Topology.Order.ExtendFrom
✔ [2781/4675] Built Mathlib.Algebra.Module.GradedModule
✔ [2782/4675] Built Mathlib.Topology.ContinuousFunction.T0Sierpinski
✔ [2783/4675] Built Mathlib.RingTheory.Nilpotent.Lemmas
✔ [2784/4675] Built Mathlib.Topology.Specialization
✔ [2785/4675] Built Mathlib.CategoryTheory.Adjunction.AdjointFunctorTheorems
✔ [2786/4675] Built Mathlib.AlgebraicTopology.SplitSimplicialObject
✔ [2787/4675] Built Mathlib.Algebra.Homology.ShortComplex.Abelian
✔ [2788/4675] Built Mathlib.Algebra.Category.ModuleCat.Subobject
✔ [2789/4675] Built Mathlib.Topology.UniformSpace.UniformEmbedding
✔ [2790/4675] Built Mathlib.Algebra.Homology.Functor
✔ [2791/4675] Built Mathlib.Algebra.Homology.HomologicalBicomplex
✔ [2792/4675] Built Mathlib.Topology.Order.IntermediateValue
✔ [2793/4675] Built Mathlib.Algebra.Homology.Single
✔ [2794/4675] Built Mathlib.CategoryTheory.Idempotents.SimplicialObject
✔ [2795/4675] Built Mathlib.LinearAlgebra.Matrix.Determinant.Basic
✔ [2796/4675] Built Mathlib.RingTheory.GradedAlgebra.Radical
✔ [2797/4675] Built Mathlib.Topology.Algebra.MulAction
✔ [2798/4675] Built Mathlib.GroupTheory.SpecificGroups.Alternating
✔ [2799/4675] Built Mathlib.Dynamics.Minimal
✔ [2800/4675] Built Mathlib.CategoryTheory.Triangulated.Triangulated
✔ [2801/4675] Built Mathlib.Algebra.Homology.Homology
✔ [2802/4675] Built Mathlib.Topology.Category.TopCat.EpiMono
✔ [2803/4675] Built Mathlib.Topology.Algebra.ProperConstSMul
✔ [2804/4675] Built Mathlib.Algebra.MvPolynomial.Counit
✔ [2805/4675] Built Mathlib.CategoryTheory.Triangulated.TStructure.Basic
✔ [2806/4675] Built Mathlib.Algebra.MvPolynomial.Rename
✔ [2807/4675] Built Mathlib.RingTheory.Polynomial.Tower
✔ [2808/4675] Built Mathlib.Algebra.MvPolynomial.Division
✔ [2809/4675] Built Mathlib.Topology.Category.TopCat.Limits.Konig
✔ [2810/4675] Built Mathlib.RingTheory.MvPolynomial.Tower
✔ [2811/4675] Built Mathlib.Topology.Order.LawsonTopology
✔ [2812/4675] Built Mathlib.RingTheory.MvPolynomial.WeightedHomogeneous
✔ [2813/4675] Built Mathlib.Algebra.Homology.DifferentialObject
✔ [2814/4675] Built Mathlib.AlgebraicTopology.CechNerve
✔ [2815/4675] Built Mathlib.AlgebraicTopology.MooreComplex
✔ [2816/4675] Built Mathlib.AlgebraicTopology.SimplicialSet
✔ [2817/4675] Built Mathlib.LinearAlgebra.FreeModule.Finite.Basic
✔ [2818/4675] Built Mathlib.Algebra.Homology.HomologicalComplexLimits
✔ [2819/4675] Built Mathlib.Topology.Category.TopCat.Limits.Cofiltered
✔ [2820/4675] Built Mathlib.Topology.NoetherianSpace
✔ [2821/4675] Built Mathlib.Algebra.MvPolynomial.Invertible
✔ [2822/4675] Built Mathlib.Algebra.Polynomial.Module.AEval
✔ [2823/4675] Built Mathlib.Algebra.Category.ModuleCat.Adjunctions
✔ [2824/4675] Built Mathlib.Topology.ClopenBox
✔ [2825/4675] Built Mathlib.Topology.LocallyConstant.Basic
✔ [2826/4675] Built Mathlib.Topology.Sets.Order
✔ [2827/4675] Built Mathlib.Algebra.Algebra.Subalgebra.Unitization
✔ [2828/4675] Built Mathlib.RingTheory.Derivation.Basic
✔ [2829/4675] Built Mathlib.Algebra.Polynomial.Monic
✔ [2830/4675] Built Mathlib.CategoryTheory.Galois.Decomposition
✔ [2831/4675] Built Mathlib.Algebra.Module.Projective
✔ [2832/4675] Built Mathlib.AlgebraicGeometry.ProjectiveSpectrum.Topology
✔ [2833/4675] Built Mathlib.CategoryTheory.Abelian.Exact
✔ [2834/4675] Built Mathlib.Geometry.Manifold.ChartedSpace
✔ [2835/4675] Built Mathlib.CategoryTheory.Triangulated.Opposite
✔ [2836/4675] Built Mathlib.Algebra.Algebra.Spectrum
✔ [2837/4675] Built Mathlib.RingTheory.Polynomial.ScaleRoots
✔ [2838/4675] Built Mathlib.RingTheory.Valuation.Quotient
✔ [2839/4675] Built Mathlib.Algebra.Polynomial.Smeval
✔ [2840/4675] Built Mathlib.Topology.Order.Category.AlexDisc
✔ [2841/4675] Built Mathlib.Topology.IsLocalHomeomorph
✔ [2842/4675] Built Mathlib.RingTheory.Localization.Ideal
✔ [2843/4675] Built Mathlib.Algebra.Polynomial.Laurent
✔ [2844/4675] Built Mathlib.CategoryTheory.Sites.CoverPreserving
✔ [2845/4675] Built Mathlib.Algebra.Category.ModuleCat.Monoidal.Closed
✔ [2846/4675] Built Mathlib.LinearAlgebra.Basis.VectorSpace
✔ [2847/4675] Built Mathlib.Topology.FiberBundle.Trivialization
✔ [2848/4675] Built Mathlib.Topology.UniformSpace.CompleteSeparated
✔ [2849/4675] Built Mathlib.Topology.UniformSpace.Pi
✔ [2850/4675] Built Mathlib.RingTheory.QuotientNilpotent
✔ [2851/4675] Built Mathlib.Algebra.Category.GroupCat.Subobject
✔ [2852/4675] Built Mathlib.CategoryTheory.Preadditive.Projective
✔ [2853/4675] Built Mathlib.RingTheory.MvPowerSeries.Basic
✔ [2854/4675] Built Mathlib.CategoryTheory.Galois.Examples
✔ [2855/4675] Built Mathlib.Algebra.Homology.Augment
✔ [2856/4675] Built Mathlib.Algebra.Homology.TotalComplex
✔ [2857/4675] Built Mathlib.LinearAlgebra.Matrix.Reindex
✔ [2858/4675] Built Mathlib.LinearAlgebra.Matrix.AbsoluteValue
✔ [2859/4675] Built Mathlib.Algebra.MvPolynomial.Comap
✔ [2860/4675] Built Mathlib.LinearAlgebra.Matrix.Determinant.Misc
✔ [2861/4675] Built Mathlib.LinearAlgebra.Matrix.Permutation
✔ [2862/4675] Built Mathlib.RingTheory.MvPolynomial.Ideal
✔ [2863/4675] Built Mathlib.AlgebraicTopology.KanComplex
✔ [2864/4675] Built Mathlib.LinearAlgebra.CrossProduct
✔ [2865/4675] Built Mathlib.RepresentationTheory.Action.Continuous
✔ [2866/4675] Built Mathlib.RingTheory.Noetherian
✔ [2867/4675] Built Mathlib.Topology.QuasiSeparated
✔ [2868/4675] Built Mathlib.Topology.Algebra.Order.Compact
✔ [2869/4675] Built Mathlib.Algebra.MvPolynomial.Degrees
✔ [2870/4675] Built Mathlib.Topology.Category.TopCat.Opens
✔ [2871/4675] Built Mathlib.Topology.DiscreteQuotient
✔ [2872/4675] Built Mathlib.Algebra.Polynomial.Module.Basic
✔ [2873/4675] Built Mathlib.CategoryTheory.CofilteredSystem
✔ [2874/4675] Built Mathlib.AlgebraicTopology.Nerve
✔ [2875/4675] Built Mathlib.Algebra.Polynomial.BigOperators
✔ [2876/4675] Built Mathlib.Topology.LocallyConstant.Algebra
✔ [2877/4675] Built Mathlib.Algebra.Polynomial.Lifts
✔ [2878/4675] Built Mathlib.RingTheory.Polynomial.IntegralNormalization
✔ [2879/4675] Built Mathlib.Geometry.Manifold.LocalInvariantProperties
✔ [2880/4675] Built Mathlib.Algebra.Polynomial.Derivation
✔ [2881/4675] Built Mathlib.Algebra.Homology.Additive
✔ [2882/4675] Built Mathlib.AlgebraicTopology.SimplicialSet.Monoidal
✔ [2883/4675] Built Mathlib.RingTheory.Derivation.ToSquareZero
✔ [2884/4675] Built Mathlib.Topology.Algebra.Monoid
✔ [2885/4675] Built Mathlib.Algebra.Algebra.Quasispectrum
✔ [2886/4675] Built Mathlib.LinearAlgebra.AffineSpace.Independent
✔ [2887/4675] Built Mathlib.CategoryTheory.Preadditive.Injective
✔ [2888/4675] Built Mathlib.Topology.UniformSpace.Equiv
✔ [2889/4675] Built Mathlib.Algebra.Group.UniqueProds
✔ [2890/4675] Built Mathlib.Algebra.Polynomial.Div
✔ [2891/4675] Built Mathlib.RingTheory.PowerSeries.Basic
✔ [2892/4675] Built Mathlib.CategoryTheory.Triangulated.Functor
✔ [2893/4675] Built Mathlib.Topology.FiberBundle.Basic
✔ [2894/4675] Built Mathlib.Algebra.Homology.TotalComplexSymmetry
✔ [2895/4675] Built Mathlib.RingTheory.MvPowerSeries.Trunc
✔ [2896/4675] Built Mathlib.CategoryTheory.Sites.CoverLifting
✔ [2897/4675] Built Mathlib.CategoryTheory.Preadditive.Yoneda.Projective
✔ [2898/4675] Built Mathlib.CategoryTheory.Abelian.Pseudoelements
✔ [2899/4675] Built Mathlib.Algebra.Polynomial.GroupRingAction
✔ [2900/4675] Built Mathlib.AlgebraicTopology.Quasicategory
✔ [2901/4675] Built Mathlib.Topology.Category.TopCat.Limits.Products
✔ [2902/4675] Built Mathlib.RepresentationTheory.Action.Monoidal
✔ [2903/4675] Built Mathlib.Algebra.Category.ModuleCat.Projective
✔ [2904/4675] Built Mathlib.LinearAlgebra.Matrix.Basis
✔ [2905/4675] Built Mathlib.RingTheory.Localization.Submodule
✔ [2906/4675] Built Mathlib.LinearAlgebra.Matrix.Transvection
✔ [2907/4675] Built Mathlib.Algebra.Homology.Bifunctor
✔ [2908/4675] Built Mathlib.Topology.EMetricSpace.Basic
✔ [2909/4675] Built Mathlib.RingTheory.Ideal.AssociatedPrime
✔ [2910/4675] Built Mathlib.RingTheory.QuotientNoetherian
✔ [2911/4675] Built Mathlib.Algebra.MvPolynomial.Variables
✔ [2912/4675] Built Mathlib.Topology.Sets.Compacts
✔ [2913/4675] Built Mathlib.Combinatorics.SimpleGraph.Finsubgraph
✔ [2914/4675] Built Mathlib.Algebra.Lie.Subalgebra
✔ [2915/4675] Built Mathlib.Topology.Category.TopCat.OpenNhds
✔ [2916/4675] Built Mathlib.Algebra.Homology.HomologicalComplexBiprod
✔ [2917/4675] Built Mathlib.Combinatorics.Hall.Basic
✔ [2918/4675] Built Mathlib.Algebra.Homology.Linear
✔ [2919/4675] Built Mathlib.CategoryTheory.Idempotents.HomologicalComplex
✔ [2920/4675] Built Mathlib.Topology.Algebra.InfiniteSum.Basic
✔ [2921/4675] Built Mathlib.Combinatorics.SimpleGraph.Ends.Defs
✔ [2922/4675] Built Mathlib.Topology.Algebra.Order.Rolle
✔ [2923/4675] Built Mathlib.Analysis.Convex.SimplicialComplex.Basic
✔ [2924/4675] Built Mathlib.RingTheory.UniqueFactorizationDomain
✔ [2925/4675] Built Mathlib.Topology.UniformSpace.AbstractCompletion
✔ [2926/4675] Built Mathlib.Algebra.MonoidAlgebra.NoZeroDivisors
✔ [2927/4675] Built Mathlib.Topology.UniformSpace.UniformConvergenceTopology
✔ [2928/4675] Built Mathlib.Algebra.Homology.ShortComplex.Exact
✔ [2929/4675] Built Mathlib.Topology.FiberBundle.Constructions
✔ [2930/4675] Built Mathlib.RingTheory.PowerSeries.Trunc
✔ [2931/4675] Built Mathlib.AlgebraicTopology.SimplicialCategory.Basic
✔ [2932/4675] Built Mathlib.RingTheory.PowerSeries.Order
✔ [2933/4675] Built Mathlib.Algebra.Polynomial.RingDivision
✔ [2934/4675] Built Mathlib.RingTheory.PowerSeries.WellKnown
✔ [2935/4675] Built Mathlib.Topology.Covering
✔ [2936/4675] Built Mathlib.Algebra.Module.FinitePresentation
✔ [2937/4675] Built Mathlib.LinearAlgebra.AffineSpace.Basis
✔ [2938/4675] Built Mathlib.Topology.Algebra.GroupWithZero
✔ [2939/4675] Built Mathlib.LinearAlgebra.Matrix.Polynomial
✔ [2940/4675] Built Mathlib.CategoryTheory.Sites.Over
✔ [2941/4675] Built Mathlib.RingTheory.MvPolynomial.Basic
✔ [2942/4675] Built Mathlib.RingTheory.HahnSeries.PowerSeries
✔ [2943/4675] Built Mathlib.Algebra.MvPolynomial.Equiv
✔ [2944/4675] Built Mathlib.CategoryTheory.Localization.Triangulated
✔ [2945/4675] Built Mathlib.Topology.Algebra.Group.Basic
✔ [2946/4675] Built Mathlib.CategoryTheory.Abelian.Generator
✔ [2947/4675] Built Mathlib.Topology.List
✔ [2948/4675] Built Mathlib.CategoryTheory.Preadditive.Yoneda.Injective
✔ [2949/4675] Built Mathlib.Topology.Category.TopCat.Limits.Pullbacks
✔ [2950/4675] Built Mathlib.Topology.Category.TopCat.Yoneda
✔ [2951/4675] Built Mathlib.Topology.MetricSpace.MetricSeparated
✔ [2952/4675] Built Mathlib.Topology.Sheaves.Presheaf
✔ [2953/4675] Built Mathlib.CategoryTheory.Galois.Prorepresentability
✔ [2954/4675] Built Mathlib.CategoryTheory.Sites.DenseSubsite
✔ [2955/4675] Built Mathlib.Algebra.MvPolynomial.Supported
✔ [2956/4675] Built Mathlib.AlgebraicTopology.AlternatingFaceMapComplex
✔ [2957/4675] Built Mathlib.Algebra.MvPolynomial.CommRing
✔ [2958/4675] Built Mathlib.Topology.Baire.LocallyCompactRegular
✔ [2959/4675] Built Mathlib.Algebra.MvPolynomial.Monad
✔ [2960/4675] Built Mathlib.RingTheory.FractionalIdeal.Basic
✔ [2961/4675] Built Mathlib.Topology.EMetricSpace.Paracompact
✔ [2962/4675] Built Mathlib.Topology.EMetricSpace.Lipschitz
✔ [2963/4675] Built Mathlib.Algebra.Polynomial.PartialFractions
✔ [2964/4675] Built Mathlib.CategoryTheory.Abelian.Homology
✔ [2965/4675] Built Mathlib.CategoryTheory.Abelian.Refinements
✔ [2966/4675] Built Mathlib.Algebra.Module.Injective
✔ [2967/4675] Built Mathlib.Topology.UniformSpace.Completion
✔ [2968/4675] Built Mathlib.Topology.UniformSpace.Equicontinuity
✔ [2969/4675] Built Mathlib.RingTheory.Localization.NumDen
✔ [2970/4675] Built Mathlib.Algebra.Squarefree.Basic
✔ [2971/4675] Built Mathlib.RingTheory.PrincipalIdealDomain
✔ [2972/4675] Built Mathlib.RingTheory.Polynomial.Nilpotent
✔ [2973/4675] Built Mathlib.Topology.UniformSpace.CompactConvergence
✔ [2974/4675] Built Mathlib.Combinatorics.SimpleGraph.Ends.Properties
✔ [2975/4675] Built Mathlib.Algebra.Polynomial.Mirror
✔ [2976/4675] Built Mathlib.FieldTheory.RatFunc.Defs
✔ [2977/4675] Built Mathlib.RingTheory.Localization.Away.Basic
✔ [2978/4675] Built Mathlib.CategoryTheory.Sites.SheafHom
✔ [2979/4675] Built Mathlib.Algebra.Homology.ShortComplex.ShortExact
✔ [2980/4675] Built Mathlib.Topology.MetricSpace.PseudoMetric
✔ [2981/4675] Built Mathlib.Algebra.Homology.ExactSequence
✔ [2982/4675] Built Mathlib.Algebra.FreeAlgebra
✔ [2983/4675] Built Mathlib.Algebra.Polynomial.Roots
✔ [2984/4675] Built Mathlib.Combinatorics.Configuration
✔ [2985/4675] Built Mathlib.Analysis.Convex.Combination
✔ [2986/4675] Built Mathlib.Topology.Algebra.WithZeroTopology
✔ [2987/4675] Built Mathlib.Topology.Algebra.Group.TopologicalAbelianization
✔ [2988/4675] Built Mathlib.RingTheory.Polynomial.Pochhammer
✔ [2989/4675] Built Mathlib.Topology.Algebra.Group.OpenMapping
✔ [2990/4675] Built Mathlib.Algebra.MvPolynomial.Polynomial
✔ [2991/4675] Built Mathlib.Topology.Category.TopCat.EffectiveEpi
✔ [2992/4675] Built Mathlib.Topology.Algebra.Order.UpperLower
✔ [2993/4675] Built Mathlib.Topology.Algebra.Ring.Basic
✔ [2994/4675] Built Mathlib.Topology.Algebra.Order.Group
✔ [2995/4675] Built Mathlib.Dynamics.Flow
✔ [2996/4675] Built Mathlib.Topology.Algebra.Affine
✔ [2997/4675] Built Mathlib.CategoryTheory.Triangulated.Subcategory
✔ [2998/4675] Built Mathlib.CategoryTheory.Sites.InducedTopology
✔ [2999/4675] Built Mathlib.AlgebraicTopology.DoldKan.Notations
✔ [3000/4675] Built Mathlib.Algebra.MvPolynomial.Cardinal
✔ [3001/4675] Built Mathlib.Analysis.Convex.Strict
✔ [3002/4675] Built Mathlib.Algebra.Homology.ShortComplex.HomologicalComplex
✔ [3003/4675] Built Mathlib.Algebra.MvPolynomial.Expand
✔ [3004/4675] Built Mathlib.Topology.Algebra.Group.Compact
✔ [3005/4675] Built Mathlib.Algebra.Category.Ring.Adjunctions
✔ [3006/4675] Built Mathlib.RingTheory.MvPolynomial.Symmetric
✔ [3007/4675] Built Mathlib.Topology.Sheaves.Sheaf
✔ [3008/4675] Built Mathlib.Topology.Algebra.Order.LiminfLimsup
✔ [3009/4675] Built Mathlib.LinearAlgebra.Matrix.MvPolynomial
✔ [3010/4675] Built Mathlib.Algebra.MvPolynomial.Derivation
✔ [3011/4675] Built Mathlib.Topology.Category.UniformSpace
✔ [3012/4675] Built Mathlib.RingTheory.Bezout
✔ [3013/4675] Built Mathlib.RingTheory.Ideal.IsPrincipal
✔ [3014/4675] Built Mathlib.Geometry.RingedSpace.PresheafedSpace
✔ [3015/4675] Built Mathlib.RingTheory.EuclideanDomain
✔ [3016/4675] Built Mathlib.LinearAlgebra.InvariantBasisNumber
✔ [3017/4675] Built Mathlib.RingTheory.Polynomial.IrreducibleRing
✔ [3018/4675] Built Mathlib.CategoryTheory.Extensive
✔ [3019/4675] Built Mathlib.Topology.MetricSpace.Cauchy
✔ [3020/4675] Built Mathlib.RingTheory.FreeCommRing
✔ [3021/4675] Built Mathlib.Topology.MetricSpace.Basic
✔ [3022/4675] Built Mathlib.Algebra.Homology.HomologicalComplexAbelian
✔ [3023/4675] Built Mathlib.Topology.Gluing
✔ [3024/4675] Built Mathlib.Topology.MetricSpace.ProperSpace
✔ [3025/4675] Built Mathlib.RingTheory.Int.Basic
✔ [3026/4675] Built Mathlib.Algebra.Star.Free
✔ [3027/4675] Built Mathlib.Data.Nat.Squarefree
✔ [3028/4675] Built Mathlib.Dynamics.Newton
✔ [3029/4675] Built Mathlib.Topology.MetricSpace.Equicontinuity
✔ [3030/4675] Built Mathlib.Data.Nat.Factorial.Cast
✔ [3031/4675] Built Mathlib.CategoryTheory.Abelian.EpiWithInjectiveKernel
✔ [3032/4675] Built Mathlib.RingTheory.ZMod
✔ [3033/4675] Built Mathlib.Topology.UniformSpace.Compact
✔ [3034/4675] Built Mathlib.RingTheory.Binomial
✔ [3035/4675] Built Mathlib.Algebra.Polynomial.SpecificDegree
✔ [3036/4675] Built Mathlib.Topology.UniformSpace.Ascoli
✔ [3037/4675] Built Mathlib.RingTheory.ChainOfDivisors
✔ [3038/4675] Built Mathlib.Analysis.Convex.StoneSeparation
✔ [3039/4675] Built Mathlib.Analysis.Convex.Radon
✔ [3040/4675] Built Mathlib.CategoryTheory.Abelian.DiagramLemmas.Four
✔ [3041/4675] Built Mathlib.Analysis.Convex.Independent
✔ [3042/4675] Built Mathlib.RingTheory.MvPolynomial.Homogeneous
✔ [3043/4675] Built Mathlib.Topology.Algebra.MvPolynomial
✔ [3044/4675] Built Mathlib.Topology.Algebra.Localization
✔ [3045/4675] Built Mathlib.Algebra.CharP.Algebra
✔ [3046/4675] Built Mathlib.Topology.Category.TopCommRingCat
✔ [3047/4675] Built Mathlib.Topology.Algebra.Ring.Ideal
✔ [3048/4675] Built Mathlib.Dynamics.OmegaLimit
✔ [3049/4675] Built Mathlib.NumberTheory.FLT.Basic
✔ [3050/4675] Built Mathlib.CategoryTheory.Triangulated.HomologicalFunctor
✔ [3051/4675] Built Mathlib.Algebra.Homology.SingleHomology
✔ [3052/4675] Built Mathlib.Analysis.Convex.Caratheodory
✔ [3053/4675] Built Mathlib.Algebra.Homology.ShortComplex.SnakeLemma
✔ [3054/4675] Built Mathlib.Topology.Algebra.Field
✔ [3055/4675] Built Mathlib.Algebra.Homology.Opposite
✔ [3056/4675] Built Mathlib.Topology.Algebra.OpenSubgroup
✔ [3057/4675] Built Mathlib.Topology.Algebra.Order.Floor
✔ [3058/4675] Built Mathlib.Algebra.Category.AlgebraCat.Basic
✔ [3059/4675] Built Mathlib.Topology.Sheaves.Forget
✔ [3060/4675] Built Mathlib.Analysis.Convex.Extrema
✔ [3061/4675] Built Mathlib.Analysis.Convex.Jensen
✔ [3062/4675] Built Mathlib.Topology.Sheaves.SheafCondition.Sites
✔ [3063/4675] Built Mathlib.RingTheory.MvPolynomial.NewtonIdentities
✔ [3064/4675] Built Mathlib.LinearAlgebra.Matrix.InvariantBasisNumber
✔ [3065/4675] Built Mathlib.LinearAlgebra.TensorAlgebra.Basic
✔ [3066/4675] Built Mathlib.RingTheory.WittVector.WittPolynomial
✔ [3067/4675] Built Mathlib.LinearAlgebra.Dimension.StrongRankCondition
✔ [3068/4675] Built Mathlib.Algebra.Polynomial.FieldDivision
✔ [3069/4675] Built Mathlib.Algebra.Homology.Homotopy
✔ [3070/4675] Built Mathlib.Topology.Metrizable.Basic
✔ [3071/4675] Built Mathlib.Topology.Sheaves.Limits
✔ [3072/4675] Built Mathlib.Algebra.MvPolynomial.PDeriv
✔ [3073/4675] Built Mathlib.ModelTheory.Algebra.Ring.FreeCommRing
✔ [3074/4675] Built Mathlib.Topology.MetricSpace.Infsep
✔ [3075/4675] Built Mathlib.NumberTheory.MaricaSchoenheim
✔ [3076/4675] Built Mathlib.CategoryTheory.EffectiveEpi.Extensive
✔ [3077/4675] Built Mathlib.NumberTheory.SmoothNumbers
✔ [3078/4675] Built Mathlib.Data.Nat.Choose.Cast
✔ [3079/4675] Built Mathlib.CategoryTheory.Adhesive
✔ [3080/4675] Built Mathlib.Algebra.Homology.Factorizations.Basic
✔ [3081/4675] Built Mathlib.CategoryTheory.Sites.Coherent.Basic
✔ [3082/4675] Built Mathlib.Data.ZMod.Coprime
✔ [3083/4675] Built Mathlib.Topology.MetricSpace.Bounded
✔ [3084/4675] Built Mathlib.Topology.MetricSpace.ShrinkingLemma
✔ [3085/4675] Built Mathlib.Data.ZMod.Quotient
✔ [3086/4675] Built Mathlib.Algebra.CharP.ExpChar
✔ [3087/4675] Built Mathlib.Topology.Algebra.Order.Field
✔ [3088/4675] Built Mathlib.Topology.Algebra.Nonarchimedean.Basic
✔ [3089/4675] Built Mathlib.Topology.Sheaves.PUnit
✔ [3090/4675] Built Mathlib.NumberTheory.Zsqrtd.Basic
✔ [3091/4675] Built Mathlib.Topology.Sheaves.SheafCondition.OpensLeCover
✔ [3092/4675] Built Mathlib.NumberTheory.ArithmeticFunction
✔ [3093/4675] Built Mathlib.Topology.Algebra.UniformGroup
✔ [3094/4675] Built Mathlib.Algebra.Homology.HomologySequence
✔ [3095/4675] Built Mathlib.CategoryTheory.Monoidal.Internal.Module
✔ [3096/4675] Built Mathlib.RingTheory.Polynomial.Content
✔ [3097/4675] Built Mathlib.Algebra.DirectLimit
✔ [3098/4675] Built Mathlib.GroupTheory.FreeAbelianGroupFinsupp
✔ [3099/4675] Built Mathlib.NumberTheory.PythagoreanTriples
✔ [3100/4675] Built Mathlib.Algebra.Polynomial.Degree.CardPowDegree
✔ [3101/4675] Built Mathlib.LinearAlgebra.TensorAlgebra.ToTensorPower
✔ [3102/4675] Built Mathlib.Algebra.Homology.BifunctorHomotopy
✔ [3103/4675] Built Mathlib.AlgebraicTopology.DoldKan.Homotopies
✔ [3104/4675] Built Mathlib.Topology.Compactness.PseudometrizableLindelof
✔ [3105/4675] Built Mathlib.CategoryTheory.Preadditive.HomOrthogonal
✔ [3106/4675] Built Mathlib.Topology.Metrizable.Uniformity
✔ [3107/4675] Built Mathlib.FieldTheory.MvPolynomial
✔ [3108/4675] Built Mathlib.LinearAlgebra.TensorAlgebra.Grading
✔ [3109/4675] Built Mathlib.LinearAlgebra.FreeModule.PID
✔ [3110/4675] Built Mathlib.AlgebraicTopology.ExtraDegeneracy
✔ [3111/4675] Built Mathlib.Algebra.Homology.HomotopyCofiber
✔ [3112/4675] Built Mathlib.Algebra.Polynomial.Splits
✔ [3113/4675] Built Mathlib.LinearAlgebra.Dimension.Free
✔ [3114/4675] Built Mathlib.ModelTheory.Algebra.Field.CharP
✔ [3115/4675] Built Mathlib.Algebra.Homology.QuasiIso
✔ [3116/4675] Built Mathlib.Topology.MetricSpace.Antilipschitz
✔ [3117/4675] Built Mathlib.CategoryTheory.Sites.Subsheaf
✔ [3118/4675] Built Mathlib.Topology.MetricSpace.Sequences
✔ [3119/4675] Built Mathlib.Geometry.RingedSpace.PresheafedSpace.HasColimits
✔ [3120/4675] Built Mathlib.CategoryTheory.Sites.Coherent.ExtensiveSheaves
✔ [3121/4675] Built Mathlib.CategoryTheory.Sites.Coherent.CoherentSheaves
✔ [3122/4675] Built Mathlib.CategoryTheory.Sites.LeftExact
✔ [3123/4675] Built Mathlib.Algebra.Polynomial.HasseDeriv
✔ [3124/4675] Built Mathlib.CategoryTheory.Sites.Coherent.RegularSheaves
✔ [3125/4675] Built Mathlib.CategoryTheory.Sites.Coherent.Comparison
✔ [3126/4675] Built Mathlib.GroupTheory.Complement
✔ [3127/4675] Built Mathlib.Algebra.Homology.HomotopyCategory
✔ [3128/4675] Built Mathlib.Algebra.CharP.Reduced
✔ [3129/4675] Built Mathlib.Analysis.BoxIntegral.Box.Basic
✔ [3130/4675] Built Mathlib.Algebra.CharP.Two
✔ [3131/4675] Built Mathlib.Topology.Algebra.InfiniteSum.Group
✔ [3132/4675] Built Mathlib.Algebra.Homology.HomotopyCategory.HomComplex
✔ [3133/4675] Built Mathlib.LinearAlgebra.TensorProduct.DirectLimit
✔ [3134/4675] Built Mathlib.Algebra.Category.ModuleCat.Limits
✔ [3135/4675] Built Mathlib.Topology.Algebra.UniformMulAction
✔ [3136/4675] Built Mathlib.NumberTheory.PellMatiyasevic
✔ [3137/4675] Built Mathlib.RingTheory.EisensteinCriterion
✔ [3138/4675] Built Mathlib.Topology.Instances.Discrete
✔ [3139/4675] Built Mathlib.Algebra.Quaternion
✔ [3140/4675] Built Mathlib.AlgebraicTopology.DoldKan.Faces
✔ [3141/4675] Built Mathlib.RingTheory.Polynomial.Bernstein
✔ [3142/4675] Built Mathlib.Topology.Metrizable.ContinuousMap
✔ [3143/4675] Built Mathlib.Topology.UniformSpace.Matrix
✔ [3144/4675] Built Mathlib.Algebra.CubicDiscriminant
✔ [3145/4675] Built Mathlib.NumberTheory.FLT.Four
✔ [3146/4675] Built Mathlib.NumberTheory.Zsqrtd.GaussianInt
✔ [3147/4675] Built Mathlib.ModelTheory.DirectLimit
✔ [3148/4675] Built Mathlib.RingTheory.Polynomial.Vieta
✔ [3149/4675] Built Mathlib.CategoryTheory.Preadditive.ProjectiveResolution
✔ [3150/4675] Built Mathlib.CategoryTheory.Sites.Coherent.CoherentTopology
✔ [3151/4675] Built Mathlib.Topology.MetricSpace.Isometry
✔ [3152/4675] Built Mathlib.CategoryTheory.Preadditive.InjectiveResolution
✔ [3153/4675] Built Mathlib.CategoryTheory.Sites.Coherent.RegularTopology
✔ [3154/4675] Built Mathlib.CategoryTheory.Sites.Pullback
✔ [3155/4675] Built Mathlib.FieldTheory.RatFunc.Basic
✔ [3156/4675] Built Mathlib.Topology.MetricSpace.Lipschitz
✔ [3157/4675] Built Mathlib.Algebra.Polynomial.Taylor
✔ [3158/4675] Built Mathlib.Algebra.Homology.HomologySequenceLemmas
✔ [3159/4675] Built Mathlib.GroupTheory.Exponent
✔ [3160/4675] Built Mathlib.Topology.Algebra.InfiniteSum.Nonarchimedean
✔ [3161/4675] Built Mathlib.RingTheory.Polynomial.Basic
✔ [3162/4675] Built Mathlib.Topology.Algebra.InfiniteSum.Constructions
✔ [3163/4675] Built Mathlib.GroupTheory.PushoutI
✔ [3164/4675] Built Mathlib.Topology.Algebra.InfiniteSum.NatInt
✔ [3165/4675] Built Mathlib.GroupTheory.HNNExtension
✔ [3166/4675] Built Mathlib.Analysis.BoxIntegral.Partition.Basic
✔ [3167/4675] Built Mathlib.CategoryTheory.Sites.LocallyInjective
✔ [3168/4675] Built Mathlib.NumberTheory.Dioph
✔ [3169/4675] Built Mathlib.Algebra.Category.ModuleCat.Abelian
✔ [3170/4675] Built Mathlib.Algebra.Homology.HomotopyCategory.MappingCone
✔ [3171/4675] Built Mathlib.Topology.Algebra.GroupCompletion
✔ [3172/4675] Built Mathlib.RingTheory.Polynomial.Eisenstein.Basic
✔ [3173/4675] Built Mathlib.Algebra.Category.AlgebraCat.Limits
✔ [3174/4675] Built Mathlib.Algebra.Homology.Localization
✔ [3175/4675] Built Mathlib.Algebra.DualQuaternion
✔ [3176/4675] Built Mathlib.AlgebraicTopology.DoldKan.Projections
✔ [3177/4675] Built Mathlib.Algebra.QuaternionBasis
✔ [3178/4675] Built Mathlib.CategoryTheory.Sites.Coherent.ReflectsPrecoherent
✔ [3179/4675] Built Mathlib.Topology.Instances.Int
✔ [3180/4675] Built Mathlib.CategoryTheory.Sites.Coherent.ReflectsPreregular
✔ [3181/4675] Built Mathlib.Topology.MetricSpace.Gluing
✔ [3182/4675] Built Mathlib.Topology.Sheaves.Functors
✔ [3183/4675] Built Mathlib.Data.Nat.Totient
✔ [3184/4675] Built Mathlib.Algebra.Homology.HomotopyCategory.Shift
✔ [3185/4675] Built Mathlib.ModelTheory.Fraisse
✔ [3186/4675] Built Mathlib.Topology.MetricSpace.Algebra
✔ [3187/4675] Built Mathlib.Topology.MetricSpace.IsometricSMul
✔ [3188/4675] Built Mathlib.CategoryTheory.Abelian.ProjectiveResolution
✔ [3189/4675] Built Mathlib.GroupTheory.SpecificGroups.Dihedral
✔ [3190/4675] Built Mathlib.Topology.MetricSpace.Dilation
✔ [3191/4675] Built Mathlib.Analysis.BoxIntegral.Partition.Split
✔ [3192/4675] Built Mathlib.Analysis.BoxIntegral.Partition.Tagged
✔ [3193/4675] Built Mathlib.AlgebraicGeometry.EllipticCurve.Weierstrass
✔ [3194/4675] Built Mathlib.Algebra.MvPolynomial.Funext
✔ [3195/4675] Built Mathlib.CategoryTheory.Sites.LocallySurjective
✔ [3196/4675] Built Mathlib.Topology.Algebra.Module.Basic
✔ [3197/4675] Built Mathlib.CategoryTheory.Abelian.InjectiveResolution
✔ [3198/4675] Built Mathlib.GroupTheory.GroupAction.Period
✔ [3199/4675] Built Mathlib.LinearAlgebra.Matrix.Adjugate
✔ [3200/4675] Built Mathlib.FieldTheory.RatFunc.AsPolynomial
✔ [3201/4675] Built Mathlib.RingTheory.Adjoin.FG
✔ [3202/4675] Built Mathlib.Topology.Algebra.InfiniteSum.Ring
✔ [3203/4675] Built Mathlib.Topology.Algebra.InfiniteSum.GroupCompletion
✔ [3204/4675] Built Mathlib.Algebra.Category.ModuleCat.Images
✔ [3205/4675] Built Mathlib.CategoryTheory.Preadditive.Yoneda.Limits
✔ [3206/4675] Built Mathlib.Tactic.ReduceModChar
✔ [3207/4675] Built Mathlib.RingTheory.Polynomial.Quotient
✔ [3208/4675] Built Mathlib.Topology.Instances.Nat
✔ [3209/4675] Built Mathlib.Topology.Algebra.InfiniteSum.Order
✔ [3210/4675] Built Mathlib.Algebra.Category.GroupCat.Abelian
✔ [3211/4675] Built Mathlib.Geometry.RingedSpace.SheafedSpace
✔ [3212/4675] Built Mathlib.NumberTheory.LucasPrimality
✔ [3213/4675] Built Mathlib.Topology.Algebra.UniformRing
✔ [3214/4675] Built Mathlib.Algebra.Homology.ModuleCat
✔ [3215/4675] Built Mathlib.Topology.Instances.Real
✔ [3216/4675] Built Mathlib.AlgebraicTopology.DoldKan.PInfty
✔ [3217/4675] Built Mathlib.Topology.MetricSpace.DilationEquiv
✔ [3218/4675] Built Mathlib.Algebra.Homology.HomotopyCategory.SingleFunctors
✔ [3219/4675] Built Mathlib.NumberTheory.PrimeCounting
✔ [3220/4675] Built Mathlib.Algebra.Homology.HomotopyCategory.HomComplexShift
✔ [3221/4675] Built Mathlib.CategoryTheory.Sites.PreservesLocallyBijective
✔ [3222/4675] Built Mathlib.CategoryTheory.Sites.Coherent.SheafComparison
✔ [3223/4675] Built Mathlib.Algebra.Homology.TotalComplexShift
✔ [3224/4675] Built Mathlib.Topology.Algebra.InfiniteSum.Module
✔ [3225/4675] Built Mathlib.CategoryTheory.Abelian.LeftDerived
✔ [3226/4675] Built Mathlib.Algebra.Homology.HomotopyCategory.ShiftSequence
✔ [3227/4675] Built Mathlib.Topology.Instances.TrivSqZeroExt
✔ [3228/4675] Built Mathlib.AlgebraicGeometry.EllipticCurve.Affine
✔ [3229/4675] Built Mathlib.LinearAlgebra.AffineSpace.ContinuousAffineEquiv
✔ [3230/4675] Built Mathlib.Topology.Algebra.Module.LinearPMap
✔ [3231/4675] Built Mathlib.Topology.Algebra.ContinuousAffineMap
✔ [3232/4675] Built Mathlib.CategoryTheory.Sites.LocallyBijective
✔ [3233/4675] Built Mathlib.LinearAlgebra.Matrix.Nondegenerate
✔ [3234/4675] Built Mathlib.Topology.Algebra.FilterBasis
✔ [3235/4675] Built Mathlib.FieldTheory.Laurent
✔ [3236/4675] Built Mathlib.RingTheory.Adjoin.Tower
✔ [3237/4675] Built Mathlib.Topology.Algebra.Algebra
✔ [3238/4675] Built Mathlib.Analysis.Convex.Exposed
✔ [3239/4675] Built Mathlib.Topology.Instances.PNat
✔ [3240/4675] Built Mathlib.Topology.Algebra.Module.WeakDual
✔ [3241/4675] Built Mathlib.Topology.Algebra.Module.Star
✔ [3242/4675] Built Mathlib.Topology.Algebra.Module.Multilinear.Basic
✔ [3243/4675] Built Mathlib.CategoryTheory.Abelian.RightDerived
✔ [3244/4675] Built Mathlib.GroupTheory.SpecificGroups.Cyclic
✔ [3245/4675] Built Mathlib.RingTheory.LaurentSeries
✔ [3246/4675] Built Mathlib.CategoryTheory.Abelian.Projective
✔ [3247/4675] Built Mathlib.CategoryTheory.Abelian.Injective
✔ [3248/4675] Built Mathlib.RingTheory.JacobsonIdeal
✔ [3249/4675] Built Mathlib.Topology.Algebra.Nonarchimedean.Completion
✔ [3250/4675] Built Mathlib.GroupTheory.CommutingProbability
✔ [3251/4675] Built Mathlib.Algebra.Homology.ShortComplex.Ab
✔ [3252/4675] Built Mathlib.Topology.Algebra.UniformField
✔ [3253/4675] Built Mathlib.FieldTheory.RatFunc.Degree
✔ [3254/4675] Built Mathlib.AlgebraicTopology.DoldKan.Decomposition
✔ [3255/4675] Built Mathlib.AlgebraicTopology.DoldKan.FunctorN
✔ [3256/4675] Built Mathlib.Algebra.Category.GroupCat.Images
✔ [3257/4675] Built Mathlib.Topology.Instances.CantorSet
✔ [3258/4675] Built Mathlib.Topology.Instances.Rat
✔ [3259/4675] Built Mathlib.Topology.MetricSpace.Completion
✔ [3260/4675] Built Mathlib.Analysis.Subadditive
✔ [3261/4675] Built Mathlib.Topology.Order.Bounded
✔ [3262/4675] Built Mathlib.Topology.UnitInterval
✔ [3263/4675] Built Mathlib.Topology.Instances.NNReal
✔ [3264/4675] Built Mathlib.AlgebraicTopology.DoldKan.FunctorGamma
✔ [3265/4675] Built Mathlib.CategoryTheory.Sites.EpiMono
✔ [3266/4675] Built Mathlib.CategoryTheory.Monoidal.Tor
✔ [3267/4675] Built Mathlib.AlgebraicGeometry.EllipticCurve.DivisionPolynomial.Basic
✔ [3268/4675] Built Mathlib.Algebra.Homology.BifunctorShift
✔ [3269/4675] Built Mathlib.Topology.Algebra.UniformFilterBasis
✔ [3270/4675] Built Mathlib.Topology.ContinuousFunction.Algebra
✔ [3271/4675] Built Mathlib.Topology.Algebra.Nonarchimedean.Bases
✔ [3272/4675] Built Mathlib.AlgebraicGeometry.EllipticCurve.Projective
✔ [3273/4675] Built Mathlib.AlgebraicGeometry.EllipticCurve.Jacobian
✔ [3274/4675] Built Mathlib.GroupTheory.SpecificGroups.Quaternion
✔ [3275/4675] Built Mathlib.Topology.Algebra.StarSubalgebra
✔ [3276/4675] Built Mathlib.Topology.Algebra.Module.Alternating.Basic
✔ [3277/4675] Built Mathlib.RingTheory.IntegralDomain
✔ [3278/4675] Built Mathlib.RingTheory.Nakayama
✔ [3279/4675] Built Mathlib.Algebra.Homology.HomotopyCategory.Pretriangulated
✔ [3280/4675] Built Mathlib.CategoryTheory.Sites.Equivalence
✔ [3281/4675] Built Mathlib.GroupTheory.SpecificGroups.KleinFour
✔ [3282/4675] Built Mathlib.CategoryTheory.Abelian.Ext
✔ [3283/4675] Built Mathlib.AlgebraicTopology.DoldKan.Normalized
✔ [3284/4675] Built Mathlib.GroupTheory.PGroup
✔ [3285/4675] Built Mathlib.Topology.Instances.RealVectorSpace
✔ [3286/4675] Built Mathlib.Topology.UniformSpace.CompareReals
✔ [3287/4675] Built Mathlib.AlgebraicTopology.DoldKan.Degeneracies
✔ [3288/4675] Built Mathlib.RingTheory.FiniteType
✔ [3289/4675] Built Mathlib.RingTheory.AdicCompletion.Basic
✔ [3290/4675] Built Mathlib.AlgebraicTopology.TopologicalSimplex
✔ [3291/4675] Built Mathlib.Topology.Homotopy.Basic
✔ [3292/4675] Built Mathlib.Algebra.Homology.ShortComplex.ConcreteCategory
✔ [3293/4675] Built Mathlib.RingTheory.Ideal.LocalRing
✔ [3294/4675] Built Mathlib.Data.Real.Sqrt
✔ [3295/4675] Built Mathlib.AlgebraicTopology.DoldKan.NReflectsIso
✔ [3296/4675] Built Mathlib.Topology.Algebra.ContinuousMonoidHom
✔ [3297/4675] Built Mathlib.Topology.Connected.PathConnected
✔ [3298/4675] Built Mathlib.Topology.Sheaves.PresheafOfFunctions
✔ [3299/4675] Built Mathlib.Topology.ContinuousFunction.LocallyConstant
✔ [3300/4675] Built Mathlib.Topology.ContinuousFunction.ContinuousMapZero
✔ [3301/4675] Built Mathlib.Topology.Algebra.Module.CharacterSpace
✔ [3302/4675] Built Mathlib.Topology.Algebra.Nonarchimedean.AdicTopology
✔ [3303/4675] Built Mathlib.AlgebraicTopology.DoldKan.HomotopyEquivalence
✔ [3304/4675] Built Mathlib.CategoryTheory.Sites.Coherent.Equivalence
✔ [3305/4675] Built Mathlib.Analysis.Normed.Group.Basic
✔ [3306/4675] Built Mathlib.RingTheory.RootsOfUnity.Basic
✔ [3307/4675] Built Mathlib.GroupTheory.Torsion
✔ [3308/4675] Built Mathlib.RingTheory.ReesAlgebra
✔ [3309/4675] Built Mathlib.Topology.Instances.ENNReal
✔ [3310/4675] Built Mathlib.Topology.Homotopy.Equiv
✔ [3311/4675] Built Mathlib.LinearAlgebra.FreeModule.StrongRankCondition
✔ [3312/4675] Built Mathlib.RingTheory.Localization.InvSubmonoid
✔ [3313/4675] Built Mathlib.Algebra.Homology.ConcreteCategory
✔ [3314/4675] Built Mathlib.AlgebraicTopology.DoldKan.SplitSimplicialObject
✔ [3315/4675] Built Mathlib.Algebra.Homology.HomotopyCategory.DegreewiseSplit
✔ [3316/4675] Built Mathlib.Algebra.Category.Ring.Instances
✔ [3317/4675] Built Mathlib.Algebra.Polynomial.Expand
✔ [3318/4675] Built Mathlib.Algebra.Homology.LocalCohomology
✔ [3319/4675] Built Mathlib.RingTheory.MvPowerSeries.Inverse
✔ [3320/4675] Built Mathlib.RingTheory.Polynomial.Dickson
✔ [3321/4675] Built Mathlib.Data.Complex.Abs
✔ [3322/4675] Built Mathlib.Algebra.Homology.ShortComplex.ModuleCat
✔ [3323/4675] Built Mathlib.RingTheory.FinitePresentation
✔ [3324/4675] Built Mathlib.NumberTheory.Zsqrtd.ToReal
✔ [3325/4675] Built Mathlib.RingTheory.Localization.AtPrime
✔ [3326/4675] Built Mathlib.AlgebraicTopology.SingularSet
✔ [3327/4675] Built Mathlib.Algebra.Homology.HomotopyCategory.Triangulated
✔ [3328/4675] Built Mathlib.RingTheory.Henselian
✔ [3329/4675] Built Mathlib.GroupTheory.Sylow
✔ [3330/4675] Built Mathlib.Algebra.Star.CHSH
✔ [3331/4675] Built Mathlib.Topology.Homotopy.HSpaces
✔ [3332/4675] Built Mathlib.Algebra.CharP.LocalRing
✔ [3333/4675] Built Mathlib.RingTheory.DiscreteValuationRing.Basic
✔ [3334/4675] Built Mathlib.Analysis.Normed.Group.BallSphere
✔ [3335/4675] Built Mathlib.InformationTheory.Hamming
✔ [3336/4675] Built Mathlib.Topology.Instances.AddCircle
✔ [3337/4675] Built Mathlib.Analysis.NormedSpace.IndicatorFunction
✔ [3338/4675] Built Mathlib.Topology.Homotopy.Path
✔ [3339/4675] Built Mathlib.GroupTheory.Order.Min
✔ [3340/4675] Built Mathlib.NumberTheory.Cyclotomic.CyclotomicCharacter
✔ [3341/4675] Built Mathlib.Analysis.Normed.Group.Hom
✔ [3342/4675] Built Mathlib.Analysis.Normed.Group.CocompactMap
✔ [3343/4675] Built Mathlib.Analysis.Convex.Topology
✔ [3344/4675] Built Mathlib.Analysis.Normed.Group.Lemmas
✔ [3345/4675] Built Mathlib.Analysis.Normed.Group.InfiniteSum
✔ [3346/4675] Built Mathlib.Order.Filter.ENNReal
✔ [3347/4675] Built Mathlib.Analysis.Normed.Order.Lattice
✔ [3348/4675] Built Mathlib.MeasureTheory.OuterMeasure.Defs
✔ [3349/4675] Built Mathlib.Analysis.Normed.Group.Completion
✔ [3350/4675] Built Mathlib.Topology.Algebra.InfiniteSum.Real
✔ [3351/4675] Built Mathlib.Analysis.Normed.Group.AddTorsor
✔ [3352/4675] Built Mathlib.Topology.Semicontinuous
✔ [3353/4675] Built Mathlib.Analysis.NormedSpace.MStructure
✔ [3354/4675] Built Mathlib.Data.Complex.Order
✔ [3355/4675] Built Mathlib.Topology.Instances.EReal
✔ [3356/4675] Built Mathlib.LinearAlgebra.Matrix.SpecialLinearGroup
✔ [3357/4675] Built Mathlib.Algebra.Category.ModuleCat.Biproducts
✔ [3358/4675] Built Mathlib.Algebra.Category.ModuleCat.Free
✔ [3359/4675] Built Mathlib.LinearAlgebra.FreeAlgebra
✔ [3360/4675] Built Mathlib.AlgebraicTopology.DoldKan.GammaCompN
✔ [3361/4675] Built Mathlib.Analysis.Normed.Field.Basic
✔ [3362/4675] Built Mathlib.RingTheory.Valuation.ExtendToLocalization
✔ [3363/4675] Built Mathlib.Analysis.NormedSpace.LinearIsometry
✔ [3364/4675] Built Mathlib.RingTheory.Filtration
✔ [3365/4675] Built Mathlib.Algebra.Module.Torsion
✔ [3366/4675] Built Mathlib.RingTheory.Ideal.MinimalPrime
✔ [3367/4675] Built Mathlib.Algebra.Homology.HomotopyCategory.HomologicalFunctor
✔ [3368/4675] Built Mathlib.RingTheory.Localization.LocalizationLocalization
✔ [3369/4675] Built Mathlib.GroupTheory.Transfer
✔ [3370/4675] Built Mathlib.Topology.Homotopy.Product
✔ [3371/4675] Built Mathlib.Combinatorics.SetFamily.CauchyDavenport
✔ [3372/4675] Built Mathlib.Topology.Algebra.Module.LocallyConvex
✔ [3373/4675] Built Mathlib.Algebra.Category.GroupCat.Injective
✔ [3374/4675] Built Mathlib.RingTheory.GradedAlgebra.HomogeneousLocalization
✔ [3375/4675] Built Mathlib.Topology.Homotopy.Contractible
✔ [3376/4675] Built Mathlib.Algebra.CharP.MixedCharZero
✔ [3377/4675] Built Mathlib.GroupTheory.Nilpotent
✔ [3378/4675] Built Mathlib.MeasureTheory.OuterMeasure.Basic
✔ [3379/4675] Built Mathlib.Analysis.Normed.Group.HomCompletion
✔ [3380/4675] Built Mathlib.RingTheory.Valuation.ValuationRing
✔ [3381/4675] Built Mathlib.Analysis.NormedSpace.FunctionSeries
✔ [3382/4675] Built Mathlib.Data.Complex.Exponential
✔ [3383/4675] Built Mathlib.LinearAlgebra.Matrix.ProjectiveSpecialLinearGroup
✔ [3384/4675] Built Mathlib.AlgebraicTopology.FundamentalGroupoid.Basic
✔ [3385/4675] Built Mathlib.RingTheory.PowerSeries.Inverse
✔ [3386/4675] Built Mathlib.Analysis.SpecificLimits.Basic
✔ [3387/4675] Built Mathlib.NumberTheory.ModularForms.CongruenceSubgroups
✔ [3388/4675] Built Mathlib.Analysis.Normed.Group.SemiNormedGroupCat
✔ [3389/4675] Built Mathlib.Topology.MetricSpace.CauSeqFilter
✔ [3390/4675] Built Mathlib.LinearAlgebra.TensorAlgebra.Basis
✔ [3391/4675] Built Mathlib.Analysis.NormedSpace.Int
✔ [3392/4675] Built Mathlib.Analysis.SumOverResidueClass
✔ [3393/4675] Built Mathlib.Topology.Bornology.BoundedOperation
✔ [3394/4675] Built Mathlib.Analysis.Normed.Order.Basic
✔ [3395/4675] Built Mathlib.Analysis.Normed.MulAction
✔ [3396/4675] Built Mathlib.AlgebraicTopology.DoldKan.NCompGamma
✔ [3397/4675] Built Mathlib.Analysis.Normed.Field.UnitBall
✔ [3398/4675] Built Mathlib.RingTheory.AdicCompletion.Algebra
✔ [3399/4675] Built Mathlib.RingTheory.Localization.AsSubring
✔ [3400/4675] Built Mathlib.NumberTheory.Padics.PadicNumbers
✔ [3401/4675] Built Mathlib.LinearAlgebra.Dimension.Constructions
✔ [3402/4675] Built Mathlib.Topology.Algebra.Polynomial
✔ [3403/4675] Built Mathlib.Analysis.Normed.Field.InfiniteSum
✔ [3404/4675] Built Mathlib.GroupTheory.Schreier
✔ [3405/4675] Built Mathlib.Analysis.Convex.Contractible
✔ [3406/4675] Built Mathlib.GroupTheory.SchurZassenhaus
✔ [3407/4675] Built Mathlib.Analysis.LocallyConvex.Polar
✔ [3408/4675] Built Mathlib.MeasureTheory.OuterMeasure.AE
✔ [3409/4675] Built Mathlib.Algebra.Homology.DerivedCategory.Basic
✔ [3410/4675] Built Mathlib.GroupTheory.Frattini
✔ [3411/4675] Built Mathlib.MeasureTheory.OuterMeasure.Operations
✔ [3412/4675] Built Mathlib.AlgebraicTopology.FundamentalGroupoid.FundamentalGroup
✔ [3413/4675] Built Mathlib.AlgebraicTopology.FundamentalGroupoid.PUnit
✔ [3414/4675] Built Mathlib.Analysis.Normed.Group.Completeness
✔ [3415/4675] Built Mathlib.Analysis.Hofer
✔ [3416/4675] Built Mathlib.Analysis.BoxIntegral.Box.SubboxInduction
✔ [3417/4675] Built Mathlib.Topology.Baire.CompleteMetrizable
✔ [3418/4675] Built Mathlib.Data.Real.Hyperreal
✔ [3419/4675] Built Mathlib.LinearAlgebra.Dimension.Finite
✔ [3420/4675] Built Mathlib.AlgebraicTopology.DoldKan.EquivalenceAdditive
✔ [3421/4675] Built Mathlib.Topology.MetricSpace.HausdorffDistance
✔ [3422/4675] Built Mathlib.RingTheory.PowerSeries.Derivative
✔ [3423/4675] Built Mathlib.Algebra.Module.CharacterModule
✔ [3424/4675] Built Mathlib.Analysis.NormedSpace.Basic
✔ [3425/4675] Built Mathlib.AlgebraicTopology.FundamentalGroupoid.Product
✔ [3426/4675] Built Mathlib.Analysis.NormedSpace.ContinuousLinearMap
✔ [3427/4675] Built Mathlib.Analysis.Normed.Group.SemiNormedGroupCat.Completion
✔ [3428/4675] Built Mathlib.NumberTheory.Harmonic.Int
✔ [3429/4675] Built Mathlib.Algebra.LinearRecurrence
✔ [3430/4675] Built Mathlib.LinearAlgebra.FreeModule.IdealQuotient
✔ [3431/4675] Built Mathlib.Topology.MetricSpace.Contracting
✔ [3432/4675] Built Mathlib.Data.Real.Cardinality
✔ [3433/4675] Built Mathlib.NumberTheory.Bernoulli
✔ [3434/4675] Built Mathlib.NumberTheory.Padics.PadicIntegers
✔ [3435/4675] Built Mathlib.Algebra.Homology.DerivedCategory.HomologySequence
✔ [3436/4675] Built Mathlib.Analysis.Asymptotics.Asymptotics
✔ [3437/4675] Built Mathlib.Dynamics.Circle.RotationNumber.TranslationNumber
✔ [3438/4675] Built Mathlib.Topology.ContinuousFunction.Polynomial
✔ [3439/4675] Built Mathlib.MeasureTheory.OuterMeasure.OfFunction
✔ [3440/4675] Built Mathlib.Topology.ContinuousFunction.FunctionalCalculus
✔ [3441/4675] Built Mathlib.RingTheory.AdicCompletion.Functoriality
✔ [3442/4675] Built Mathlib.FieldTheory.Finiteness
✔ [3443/4675] Built Mathlib.Topology.MetricSpace.Thickening
✔ [3444/4675] Built Mathlib.Topology.MetricSpace.PiNat
✔ [3445/4675] Built Mathlib.Analysis.BoxIntegral.Partition.SubboxInduction
✔ [3446/4675] Built Mathlib.LinearAlgebra.Dimension.RankNullity
✔ [3447/4675] Built Mathlib.Analysis.NormedSpace.ENorm
✔ [3448/4675] Built Mathlib.Analysis.NormedSpace.SphereNormEquiv
✔ [3449/4675] Built Mathlib.LinearAlgebra.Dimension.FreeAndStrongRankCondition
✔ [3450/4675] Built Mathlib.Topology.Germ
✔ [3451/4675] Built Mathlib.AlgebraicTopology.FundamentalGroupoid.InducedMaps
✔ [3452/4675] Built Mathlib.Topology.MetricSpace.Closeds
✔ [3453/4675] Built Mathlib.Analysis.NormedSpace.ConformalLinearMap
✔ [3454/4675] Built Mathlib.Analysis.NormedSpace.BallAction
✔ [3455/4675] Built Mathlib.Analysis.NormedSpace.Real
✔ [3456/4675] Built Mathlib.Data.Complex.Cardinality
✔ [3457/4675] Built Mathlib.Algebra.Algebra.Subalgebra.Rank
✔ [3458/4675] Built Mathlib.Topology.Homotopy.HomotopyGroup
✔ [3459/4675] Built Mathlib.Analysis.Calculus.TangentCone
✔ [3460/4675] Built Mathlib.Analysis.LocallyConvex.Basic
✔ [3461/4675] Built Mathlib.AlgebraicTopology.DoldKan.EquivalencePseudoabelian
✔ [3462/4675] Built Mathlib.NumberTheory.BernoulliPolynomials
✔ [3463/4675] Built Mathlib.Algebra.Category.GroupCat.EnoughInjectives
✔ [3464/4675] Built Mathlib.Analysis.NormedSpace.Span
✔ [3465/4675] Built Mathlib.Analysis.Convex.Body
✔ [3466/4675] Built Mathlib.Analysis.Asymptotics.Theta
✔ [3467/4675] Built Mathlib.RingTheory.Flat.Basic
✔ [3468/4675] Built Mathlib.NumberTheory.Padics.RingHoms
✔ [3469/4675] Built Mathlib.Analysis.NormedSpace.AddTorsor
✔ [3470/4675] Built Mathlib.Analysis.NormedSpace.AffineIsometry
✔ [3471/4675] Built Mathlib.Analysis.Asymptotics.SpecificAsymptotics
✔ [3472/4675] Built Mathlib.Order.Filter.ZeroAndBoundedAtFilter
✔ [3473/4675] Built Mathlib.Topology.MetricSpace.CantorScheme
✔ [3474/4675] Built Mathlib.Analysis.Asymptotics.SuperpolynomialDecay
✔ [3475/4675] Built Mathlib.MeasureTheory.OuterMeasure.Caratheodory
✔ [3476/4675] Built Mathlib.Analysis.Normed.Group.Quotient
✔ [3477/4675] Built Mathlib.Analysis.NormedSpace.Star.Basic
✔ [3478/4675] Built Mathlib.LinearAlgebra.Dimension.DivisionRing
✔ [3479/4675] Built Mathlib.NumberTheory.Padics.Hensel
✔ [3480/4675] Built Mathlib.Analysis.BoxIntegral.Partition.Filter
✔ [3481/4675] Built Mathlib.Analysis.SpecificLimits.Normed
✔ [3482/4675] Built Mathlib.Analysis.Normed.Group.Pointwise
✔ [3483/4675] Built Mathlib.Analysis.NormedSpace.Ray
✔ [3484/4675] Built Mathlib.AlgebraicTopology.FundamentalGroupoid.SimplyConnected
✔ [3485/4675] Built Mathlib.Analysis.LocallyConvex.BalancedCoreHull
✔ [3486/4675] Built Mathlib.AlgebraicTopology.DoldKan.Equivalence
✔ [3487/4675] Built Mathlib.Topology.MetricSpace.Polish
✔ [3488/4675] Built Mathlib.Analysis.NormedSpace.MazurUlam
✔ [3489/4675] Built Mathlib.Analysis.Asymptotics.AsymptoticEquivalent
✔ [3490/4675] Built Mathlib.MeasureTheory.OuterMeasure.Induced
✔ [3491/4675] Built Mathlib.Analysis.Normed.Group.ControlledClosure
✔ [3492/4675] Built Mathlib.Analysis.Normed.Group.AddCircle
✔ [3493/4675] Built Mathlib.Analysis.NormedSpace.Units
✔ [3494/4675] Built Mathlib.Analysis.Normed.Group.SemiNormedGroupCat.Kernels
✔ [3495/4675] Built Mathlib.LinearAlgebra.Dimension.LinearMap
✔ [3496/4675] Built Mathlib.LinearAlgebra.FiniteDimensional
✔ [3497/4675] Built Mathlib.LinearAlgebra.Dimension.Localization
✔ [3498/4675] Built Mathlib.Topology.UrysohnsLemma
✔ [3499/4675] Built Mathlib.Analysis.Seminorm
✔ [3500/4675] Built Mathlib.Analysis.NormedSpace.Extr
✔ [3501/4675] Built Mathlib.Analysis.RCLike.Basic
✔ [3502/4675] Built Mathlib.Analysis.NormedSpace.Pointwise
✔ [3503/4675] Built Mathlib.NumberTheory.EulerProduct.Basic
✔ [3504/4675] Built Mathlib.Topology.MetricSpace.Perfect
✔ [3505/4675] Built Mathlib.Analysis.Normed.Order.UpperLower
✔ [3506/4675] Built Mathlib.Analysis.SpecialFunctions.Polynomials
✔ [3507/4675] Built Mathlib.LinearAlgebra.Matrix.Diagonal
✔ [3508/4675] Built Mathlib.LinearAlgebra.Projectivization.Basic
✔ [3509/4675] Built Mathlib.MeasureTheory.Measure.MeasureSpaceDef
✔ [3510/4675] Built Mathlib.LinearAlgebra.Matrix.NonsingularInverse
✔ [3511/4675] Built Mathlib.Analysis.Convex.EGauge
✔ [3512/4675] Built Mathlib.LinearAlgebra.AffineSpace.FiniteDimensional
✔ [3513/4675] Built Mathlib.RingTheory.SimpleModule
✔ [3514/4675] Built Mathlib.Topology.ContinuousFunction.Units
✔ [3515/4675] Built Mathlib.Data.Complex.Module
✔ [3516/4675] Built Mathlib.Topology.CompletelyRegular
✔ [3517/4675] Built Mathlib.Topology.PartitionOfUnity
✔ [3518/4675] Built Mathlib.LinearAlgebra.FreeModule.Finite.Matrix
✔ [3519/4675] Built Mathlib.Analysis.SpecificLimits.RCLike
✔ [3520/4675] Built Mathlib.Analysis.NormedSpace.RieszLemma
✔ [3521/4675] Built Mathlib.Analysis.Normed.Group.Tannery
✔ [3522/4675] Built Mathlib.Dynamics.BirkhoffSum.NormedSpace
✔ [3523/4675] Built Mathlib.Topology.Category.CompHaus.Basic
✔ [3524/4675] Built Mathlib.Topology.Algebra.Module.Cardinality
✔ [3525/4675] Built Mathlib.RingTheory.Ideal.Cotangent
✔ [3526/4675] Built Mathlib.Analysis.NormedSpace.HomeomorphBall
✔ [3527/4675] Built Mathlib.LinearAlgebra.Eigenspace.Basic
✔ [3528/4675] Built Mathlib.LinearAlgebra.Projectivization.Subspace
✔ [3529/4675] Built Mathlib.LinearAlgebra.Projectivization.Independence
✔ [3530/4675] Built Mathlib.Analysis.LocallyConvex.Bounded
✔ [3531/4675] Built Mathlib.MeasureTheory.Measure.AEDisjoint
✔ [3532/4675] Built Mathlib.MeasureTheory.Function.AEMeasurableSequence
✔ [3533/4675] Built Mathlib.LinearAlgebra.SymplecticGroup
✔ [3534/4675] Built Mathlib.LinearAlgebra.AffineSpace.Matrix
✔ [3535/4675] Built Mathlib.Data.Matrix.ColumnRowPartitioned
✔ [3536/4675] Built Mathlib.MeasureTheory.Tactic
✔ [3537/4675] Built Mathlib.Analysis.Convex.Complex
✔ [3538/4675] Built Mathlib.RepresentationTheory.Maschke
✔ [3539/4675] Built Mathlib.Topology.Instances.Matrix
✔ [3540/4675] Built Mathlib.LinearAlgebra.UnitaryGroup
✔ [3541/4675] Built Mathlib.LinearAlgebra.Matrix.Block
✔ [3542/4675] Built Mathlib.Topology.Algebra.Module.Simple
✔ [3543/4675] Built Mathlib.LinearAlgebra.Determinant
✔ [3544/4675] Built Mathlib.LinearAlgebra.Matrix.ZPow
✔ [3545/4675] Built Mathlib.Algebra.Category.ModuleCat.Simple
✔ [3546/4675] Built Mathlib.RingTheory.TensorProduct.Basic
✔ [3547/4675] Built Mathlib.Analysis.SpecialFunctions.Trigonometric.Chebyshev
✔ [3548/4675] Built Mathlib.Analysis.Convex.PartitionOfUnity
✔ [3549/4675] Built Mathlib.LinearAlgebra.Matrix.GeneralLinearGroup
✔ [3550/4675] Built Mathlib.LinearAlgebra.Multilinear.FiniteDimensional
✔ [3551/4675] Built Mathlib.FieldTheory.Tower
✔ [3552/4675] Built Mathlib.RingTheory.Artinian
✔ [3553/4675] Built Mathlib.Order.Category.Frm
✔ [3554/4675] Built Mathlib.Analysis.NormedSpace.Connected
✔ [3555/4675] Built Mathlib.LinearAlgebra.Matrix.FiniteDimensional
✔ [3556/4675] Built Mathlib.Topology.Category.CompHaus.Projective
✔ [3557/4675] Built Mathlib.Topology.Category.Profinite.Basic
✔ [3558/4675] Built Mathlib.Analysis.Convex.Between
✔ [3559/4675] Built Mathlib.Analysis.LocallyConvex.ContinuousOfBounded
✔ [3560/4675] Built Mathlib.Topology.Algebra.Module.Multilinear.Bounded
✔ [3561/4675] Built Mathlib.MeasureTheory.Measure.NullMeasurable
✔ [3562/4675] Built Mathlib.Topology.Algebra.UniformConvergence
✔ [3563/4675] Built Mathlib.Topology.Category.CompHaus.Limits
✔ [3564/4675] Built Mathlib.Analysis.Convex.Gauge
✔ [3565/4675] Built Mathlib.LinearAlgebra.Matrix.Gershgorin
✔ [3566/4675] Built Mathlib.Analysis.Complex.Basic
✔ [3567/4675] Built Mathlib.Topology.Algebra.Module.Determinant
✔ [3568/4675] Built Mathlib.Data.Complex.Determinant
✔ [3569/4675] Built Mathlib.LinearAlgebra.FreeModule.Determinant
✔ [3570/4675] Built Mathlib.RingTheory.Generators
✔ [3571/4675] Built Mathlib.Algebra.Module.Bimodule
✔ [3572/4675] Built Mathlib.Data.Matrix.Kronecker
✔ [3573/4675] Built Mathlib.LinearAlgebra.Orientation
✔ [3574/4675] Built Mathlib.RingTheory.Bialgebra.Basic
✔ [3575/4675] Built Mathlib.RingTheory.MatrixAlgebra
✔ [3576/4675] Built Mathlib.Topology.MetricSpace.PartitionOfUnity
✔ [3577/4675] Built Mathlib.Data.Matrix.Rank
✔ [3578/4675] Built Mathlib.LinearAlgebra.TensorProduct.Opposite
✔ [3579/4675] Built Mathlib.LinearAlgebra.TensorProduct.RightExactness
✔ [3580/4675] Built Mathlib.Algebra.Category.AlgebraCat.Monoidal
✔ [3581/4675] Built Mathlib.RingTheory.IsTensorProduct
✔ [3582/4675] Built Mathlib.LinearAlgebra.Vandermonde
✔ [3583/4675] Built Mathlib.RingTheory.TensorProduct.MvPolynomial
✔ [3584/4675] Built Mathlib.Topology.Category.Locale
✔ [3585/4675] Built Mathlib.Algebra.Category.ModuleCat.ChangeOfRings
✔ [3586/4675] Built Mathlib.RingTheory.Localization.Cardinality
✔ [3587/4675] Built Mathlib.Topology.Category.Profinite.Product
✔ [3588/4675] Built Mathlib.Topology.Algebra.Module.StrongTopology
✔ [3589/4675] Built Mathlib.Topology.Algebra.Equicontinuity
✔ [3590/4675] Built Mathlib.Algebra.Lie.Submodule
✔ [3591/4675] Built Mathlib.Topology.Category.Profinite.AsLimit
✔ [3592/4675] Built Mathlib.Topology.Category.Stonean.Basic
✔ [3593/4675] Built Mathlib.Algebra.Category.Ring.Constructions
✔ [3594/4675] Built Mathlib.Topology.Category.CompHaus.EffectiveEpi
✔ [3595/4675] Built Mathlib.Analysis.Complex.Convex
✔ [3596/4675] Built Mathlib.Topology.Category.Compactum
✔ [3597/4675] Built Mathlib.Topology.Algebra.Module.Multilinear.Topology
✔ [3598/4675] Built Mathlib.RingTheory.HopfAlgebra
✔ [3599/4675] Built Mathlib.Analysis.Complex.HalfPlane
✔ [3600/4675] Built Mathlib.Topology.ContinuousFunction.StarOrdered
✔ [3601/4675] Built Mathlib.LinearAlgebra.TensorProduct.Graded.External
✔ [3602/4675] Built Mathlib.Analysis.Complex.ReImTopology
✔ [3603/4675] Built Mathlib.LinearAlgebra.Dual
✔ [3604/4675] Built Mathlib.Analysis.Complex.Asymptotics
✔ [3605/4675] Built Mathlib.Data.Complex.Orientation
✔ [3606/4675] Built Mathlib.LinearAlgebra.Matrix.IsDiag
✔ [3607/4675] Built Mathlib.Analysis.Complex.AbelLimit
✔ [3608/4675] Built Mathlib.Topology.Category.Profinite.Projective
✔ [3609/4675] Built Mathlib.Topology.Category.Profinite.Limits
✔ [3610/4675] Built Mathlib.RingTheory.Bialgebra.Hom
✔ [3611/4675] Built Mathlib.RingTheory.PolynomialAlgebra
✔ [3612/4675] Built Mathlib.LinearAlgebra.Matrix.ToLinearEquiv
✔ [3613/4675] Built Mathlib.RingTheory.QuotSMulTop
✔ [3614/4675] Built Mathlib.Algebra.Category.AlgebraCat.Symmetric
✔ [3615/4675] Built Mathlib.LinearAlgebra.TensorProduct.Matrix
✔ [3616/4675] Built Mathlib.RingTheory.Localization.BaseChange
✔ [3617/4675] Built Mathlib.LinearAlgebra.TensorProduct.Vanishing
✔ [3618/4675] Built Mathlib.MeasureTheory.Measure.MeasureSpace
✔ [3619/4675] Built Mathlib.Topology.Order.Category.FrameAdjunction
✔ [3620/4675] Built Mathlib.Data.Nat.Factorial.SuperFactorial
✔ [3621/4675] Built Mathlib.RingTheory.Flat.Stability
✔ [3622/4675] Built Mathlib.Topology.Algebra.Module.FiniteDimension
✔ [3623/4675] Built Mathlib.Topology.Category.Profinite.CofilteredLimit
✔ [3624/4675] Built Mathlib.Analysis.Convex.Normed
✔ [3625/4675] Built Mathlib.LinearAlgebra.Lagrange
✔ [3626/4675] Built Mathlib.Algebra.Lie.IdealOperations
✔ [3627/4675] Built Mathlib.Analysis.NormedSpace.CompactOperator
✔ [3628/4675] Built Mathlib.Analysis.LocallyConvex.StrongTopology
✔ [3629/4675] Built Mathlib.Analysis.Complex.UpperHalfPlane.Basic
✔ [3630/4675] Built Mathlib.Condensed.Basic
✔ [3631/4675] Built Mathlib.Algebra.Category.ModuleCat.Presheaf
✔ [3632/4675] Built Mathlib.Algebra.Category.ModuleCat.Injective
✔ [3633/4675] Built Mathlib.LinearAlgebra.PerfectPairing
✔ [3634/4675] Built Mathlib.Topology.Sheaves.SheafCondition.PairwiseIntersections
✔ [3635/4675] Built Mathlib.Algebra.Lie.OfAssociative
✔ [3636/4675] Built Mathlib.RingTheory.Bialgebra.Equiv
✔ [3637/4675] Built Mathlib.LinearAlgebra.BilinearForm.Properties
✔ [3638/4675] Built Mathlib.LinearAlgebra.Matrix.Dual
✔ [3639/4675] Built Mathlib.LinearAlgebra.Matrix.Charpoly.Basic
✔ [3640/4675] Built Mathlib.Analysis.SpecialFunctions.Exp
✔ [3641/4675] Built Mathlib.LinearAlgebra.BilinearForm.TensorProduct
✔ [3642/4675] Built Mathlib.Topology.Category.Stonean.Adjunctions
✔ [3643/4675] Built Mathlib.LinearAlgebra.Basis.Flag
✔ [3644/4675] Built Mathlib.Topology.Category.Stonean.Limits
✔ [3645/4675] Built Mathlib.LinearAlgebra.Contraction
✔ [3646/4675] Built Mathlib.Topology.Category.Profinite.EffectiveEpi
✔ [3647/4675] Built Mathlib.LinearAlgebra.Reflection
✔ [3648/4675] Built Mathlib.RingTheory.Regular.IsSMulRegular
✔ [3649/4675] Built Mathlib.MeasureTheory.Covering.VitaliFamily
✔ [3650/4675] Built Mathlib.MeasureTheory.Measure.Restrict
✔ [3651/4675] Built Mathlib.Analysis.LocallyConvex.WithSeminorms
✔ [3652/4675] Built Mathlib.RingTheory.Flat.Algebra
✔ [3653/4675] Built Mathlib.RingTheory.RingHomProperties
✔ [3654/4675] Built Mathlib.RingTheory.Flat.EquationalCriterion
✔ [3655/4675] Built Mathlib.LinearAlgebra.Matrix.SesquilinearForm
✔ [3656/4675] Built Mathlib.RingTheory.Kaehler
✔ [3657/4675] Built Mathlib.Analysis.Convex.GaugeRescale
✔ [3658/4675] Built Mathlib.Analysis.NormedSpace.HahnBanach.Separation
✔ [3659/4675] Built Mathlib.Topology.Category.LightProfinite.Basic
✔ [3660/4675] Built Mathlib.Condensed.Module
✔ [3661/4675] Built Mathlib.Condensed.Discrete
✔ [3662/4675] Built Mathlib.LinearAlgebra.TensorProduct.Graded.Internal
✔ [3663/4675] Built Mathlib.Analysis.Convex.AmpleSet
✔ [3664/4675] Built Mathlib.Algebra.Category.ModuleCat.Presheaf.ChangeOfRings
✔ [3665/4675] Built Mathlib.Analysis.Complex.UpperHalfPlane.FunctionsBoundedAtInfty
✔ [3666/4675] Built Mathlib.Condensed.Functors
✔ [3667/4675] Built Mathlib.Algebra.Jordan.Basic
✔ [3668/4675] Built Mathlib.Analysis.Convex.Side
✔ [3669/4675] Built Mathlib.LinearAlgebra.BilinearForm.DualLattice
✔ [3670/4675] Built Mathlib.Algebra.Category.BialgebraCat.Basic
✔ [3671/4675] Built Mathlib.Topology.Sheaves.SheafCondition.EqualizerProducts
✔ [3672/4675] Built Mathlib.Analysis.SpecialFunctions.PolynomialExp
✔ [3673/4675] Built Mathlib.Topology.Category.Stonean.EffectiveEpi
✔ [3674/4675] Built Mathlib.Algebra.Category.ModuleCat.Presheaf.Colimits
✔ [3675/4675] Built Mathlib.LinearAlgebra.BilinearForm.Orthogonal
✔ [3676/4675] Built Mathlib.Topology.Sheaves.SheafCondition.UniqueGluing
✔ [3677/4675] Built Mathlib.RingTheory.Derivation.Lie
✔ [3678/4675] Built Mathlib.LinearAlgebra.Coevaluation
✔ [3679/4675] Built Mathlib.MeasureTheory.Measure.MutuallySingular
✔ [3680/4675] Built Mathlib.Algebra.Category.ModuleCat.Sheaf
✔ [3681/4675] Built Mathlib.Algebra.Lie.Abelian
✔ [3682/4675] Built Mathlib.Algebra.Lie.Quotient
✔ [3683/4675] Built Mathlib.MeasureTheory.Measure.Typeclasses
✔ [3684/4675] Built Mathlib.LinearAlgebra.RootSystem.Defs
✔ [3685/4675] Built Mathlib.Topology.Category.Profinite.Nobeling
✔ [3686/4675] Built Mathlib.Algebra.Lie.Sl2
✔ [3687/4675] Built Mathlib.Algebra.Lie.Matrix
✔ [3688/4675] Built Mathlib.Algebra.Lie.Derivation.Basic
✔ [3689/4675] Built Mathlib.Algebra.Lie.UniversalEnveloping
✔ [3690/4675] Built Mathlib.Analysis.Complex.Circle
✔ [3691/4675] Built Mathlib.NumberTheory.ModularForms.SlashActions
✔ [3692/4675] Built Mathlib.Analysis.SpecialFunctions.Log.Basic
✔ [3693/4675] Built Mathlib.Algebra.Lie.DirectSum
✔ [3694/4675] Built Mathlib.Algebra.Category.ModuleCat.Presheaf.Limits
✔ [3695/4675] Built Mathlib.RingTheory.RingHom.Finite
✔ [3696/4675] Built Mathlib.RepresentationTheory.Basic
✔ [3697/4675] Built Mathlib.Analysis.LocallyConvex.WeakDual
✔ [3698/4675] Built Mathlib.Analysis.SpecialFunctions.Trigonometric.Basic
✔ [3699/4675] Built Mathlib.Analysis.Convex.StrictConvexSpace
✔ [3700/4675] Built Mathlib.Analysis.LocallyConvex.AbsConvex
✔ [3701/4675] Built Mathlib.LinearAlgebra.Matrix.Charpoly.Coeff
✔ [3702/4675] Built Mathlib.Condensed.Limits
✔ [3703/4675] Built Mathlib.NumberTheory.Modular
✔ [3704/4675] Built Mathlib.LinearAlgebra.Matrix.BilinearForm
✔ [3705/4675] Built Mathlib.Analysis.LocallyConvex.Barrelled
✔ [3706/4675] Built Mathlib.RingTheory.LocalProperties
✔ [3707/4675] Built Mathlib.Algebra.Category.ModuleCat.Presheaf.Pushforward
✔ [3708/4675] Built Mathlib.Analysis.Complex.UpperHalfPlane.Topology
✔ [3709/4675] Built Mathlib.Analysis.Convex.KreinMilman
✔ [3710/4675] Built Mathlib.Topology.Category.LightProfinite.Limits
✔ [3711/4675] Built Mathlib.RingTheory.Regular.RegularSequence
✔ [3712/4675] Built Mathlib.Topology.Sheaves.SheafOfFunctions
✔ [3713/4675] Built Mathlib.Algebra.Symmetrized
✔ [3714/4675] Built Mathlib.Probability.ConditionalProbability
✔ [3715/4675] Built Mathlib.MeasureTheory.Decomposition.UnsignedHahn
✔ [3716/4675] Built Mathlib.MeasureTheory.Measure.Sub
✔ [3717/4675] Built Mathlib.MeasureTheory.Measure.Trim
✔ [3718/4675] Built Mathlib.MeasureTheory.Constructions.Projective
✔ [3719/4675] Built Mathlib.LinearAlgebra.QuadraticForm.Basic
✔ [3720/4675] Built Mathlib.Algebra.Lie.TensorProduct
✔ [3721/4675] Built Mathlib.NumberTheory.ModularForms.SlashInvariantForms
✔ [3722/4675] Built Mathlib.NumberTheory.VonMangoldt
✔ [3723/4675] Built Mathlib.LinearAlgebra.RootSystem.Basic
✔ [3724/4675] Built Mathlib.MeasureTheory.Measure.VectorMeasure
✔ [3725/4675] Built Mathlib.Analysis.Convex.Uniform
✔ [3726/4675] Built Mathlib.Condensed.Equivalence
✔ [3727/4675] Built Mathlib.Algebra.Category.ModuleCat.Sheaf.ChangeOfRings
✔ [3728/4675] Built Mathlib.Topology.Algebra.PontryaginDual
✔ [3729/4675] Built Mathlib.Algebra.Lie.Normalizer
✔ [3730/4675] Built Mathlib.Analysis.NormedSpace.OperatorNorm.Basic
✔ [3731/4675] Built Mathlib.Analysis.Complex.UnitDisc.Basic
✔ [3732/4675] Built Mathlib.MeasureTheory.Measure.Dirac
✔ [3733/4675] Built Mathlib.Algebra.Lie.Derivation.AdjointAction
✔ [3734/4675] Built Mathlib.Algebra.Lie.Solvable
✔ [3735/4675] Built Mathlib.Algebra.Category.FGModuleCat.Basic
✔ [3736/4675] Built Mathlib.RepresentationTheory.Rep
✔ [3737/4675] Built Mathlib.Analysis.SpecialFunctions.Trigonometric.Inverse
✔ [3738/4675] Built Mathlib.Algebra.Lie.Free
✔ [3739/4675] Built Mathlib.Condensed.Solid
✔ [3740/4675] Built Mathlib.Algebra.Lie.SkewAdjoint
✔ [3741/4675] Built Mathlib.Analysis.Convex.StrictConvexBetween
✔ [3742/4675] Built Mathlib.Algebra.Category.ModuleCat.Sheaf.Limits
✔ [3743/4675] Built Mathlib.Analysis.Complex.Isometry
✔ [3744/4675] Built Mathlib.RingTheory.RingHom.Surjective
✔ [3745/4675] Built Mathlib.LinearAlgebra.Trace
✔ [3746/4675] Built Mathlib.LinearAlgebra.Matrix.Charpoly.Univ
✔ [3747/4675] Built Mathlib.Algebra.Category.ModuleCat.Presheaf.Abelian
✔ [3748/4675] Built Mathlib.RingTheory.RingHom.FiniteType
✔ [3749/4675] Built Mathlib.LinearAlgebra.Matrix.Charpoly.LinearMap
✔ [3750/4675] Built Mathlib.LinearAlgebra.QuadraticForm.Isometry
✔ [3751/4675] Built Mathlib.Topology.Category.LightProfinite.EffectiveEpi
✔ [3752/4675] Built Mathlib.Algebra.Category.ModuleCat.Sheaf.PushforwardContinuous
✔ [3753/4675] Built Mathlib.MeasureTheory.Measure.AEMeasurable
✔ [3754/4675] Built Mathlib.MeasureTheory.Measure.Complex
✔ [3755/4675] Built Mathlib.NumberTheory.ModularForms.Identities
✔ [3756/4675] Built Mathlib.Analysis.SpecialFunctions.Trigonometric.Angle
✔ [3757/4675] Built Mathlib.NumberTheory.ModularForms.EisensteinSeries.Basic
✔ [3758/4675] Built Mathlib.Analysis.NormedSpace.OperatorNorm.NNNorm
✔ [3759/4675] Built Mathlib.MeasureTheory.Measure.Count
✔ [3760/4675] Built Mathlib.Algebra.Lie.Semisimple.Defs
✔ [3761/4675] Built Mathlib.Condensed.Explicit
✔ [3762/4675] Built Mathlib.LinearAlgebra.QuadraticForm.TensorProduct
✔ [3763/4675] Built Mathlib.Probability.ProbabilityMassFunction.Basic
✔ [3764/4675] Built Mathlib.Analysis.NormedSpace.OperatorNorm.Asymptotics
✔ [3765/4675] Built Mathlib.MeasureTheory.Decomposition.SignedHahn
✔ [3766/4675] Built Mathlib.Algebra.Category.ModuleCat.Presheaf.Sheafify
✔ [3767/4675] Built Mathlib.Analysis.NormedSpace.RCLike
✔ [3768/4675] Built Mathlib.Algebra.Lie.BaseChange
✔ [3769/4675] Built Mathlib.Topology.Sheaves.Stalks
✔ [3770/4675] Built Mathlib.Algebra.Lie.Character
✔ [3771/4675] Built Mathlib.Analysis.NormedSpace.Extend
✔ [3772/4675] Built Mathlib.Algebra.DirectSum.LinearMap
✔ [3773/4675] Built Mathlib.Algebra.Lie.CartanMatrix
✔ [3774/4675] Built Mathlib.Algebra.Lie.Classical
✔ [3775/4675] Built Mathlib.LinearAlgebra.QuadraticForm.IsometryEquiv
✔ [3776/4675] Built Mathlib.Condensed.Light.Basic
✔ [3777/4675] Built Mathlib.LinearAlgebra.PID
✔ [3778/4675] Built Mathlib.Analysis.NormedSpace.OperatorNorm.Bilinear
✔ [3779/4675] Built Mathlib.MeasureTheory.Order.Lattice
✔ [3780/4675] Built Mathlib.RepresentationTheory.GroupCohomology.Resolution
✔ [3781/4675] Built Mathlib.Topology.ContinuousFunction.Bounded
✔ [3782/4675] Built Mathlib.Dynamics.Ergodic.MeasurePreserving
✔ [3783/4675] Built Mathlib.Probability.CondCount
✔ [3784/4675] Built Mathlib.Condensed.TopComparison
✔ [3785/4675] Built Mathlib.MeasureTheory.Group.Arithmetic
✔ [3786/4675] Built Mathlib.Probability.ProbabilityMassFunction.Monad
✔ [3787/4675] Built Mathlib.Algebra.Lie.Semisimple.Basic
✔ [3788/4675] Built Mathlib.Algebra.Lie.InvariantForm
✔ [3789/4675] Built Mathlib.Algebra.Category.FGModuleCat.Limits
✔ [3790/4675] Built Mathlib.Analysis.SpecialFunctions.Complex.Arg
✔ [3791/4675] Built Mathlib.Topology.Sheaves.Operations
✔ [3792/4675] Built Mathlib.MeasureTheory.Decomposition.Jordan
✔ [3793/4675] Built Mathlib.Geometry.RingedSpace.Stalks
✔ [3794/4675] Built Mathlib.Topology.Sheaves.LocalPredicate
✔ [3795/4675] Built Mathlib.Analysis.Calculus.FDeriv.Basic
✔ [3796/4675] Built Mathlib.Topology.Sheaves.Skyscraper
✔ [3797/4675] Built Mathlib.LinearAlgebra.QuadraticForm.Prod
✔ [3798/4675] Built Mathlib.Geometry.RingedSpace.Basic
✔ [3799/4675] Built Mathlib.Topology.Sheaves.LocallySurjective
✔ [3800/4675] Built Mathlib.Condensed.Light.Discrete
✔ [3801/4675] Built Mathlib.Condensed.Light.Module
✔ [3802/4675] Built Mathlib.Condensed.Light.Functors
✔ [3803/4675] Built Mathlib.LinearAlgebra.CliffordAlgebra.Basic
✔ [3804/4675] Built Mathlib.LinearAlgebra.QuadraticForm.TensorProduct.Isometries
✔ [3805/4675] Built Mathlib.LinearAlgebra.QuadraticForm.QuadraticModuleCat
✔ [3806/4675] Built Mathlib.RingTheory.IntegralClosure
✔ [3807/4675] Built Mathlib.Analysis.NormedSpace.OperatorNorm.Prod
✔ [3808/4675] Built Mathlib.Dynamics.Ergodic.Ergodic
✔ [3809/4675] Built Mathlib.Topology.UrysohnsBounded
✔ [3810/4675] Built Mathlib.Analysis.NormedSpace.OperatorNorm.Completeness
✔ [3811/4675] Built Mathlib.RepresentationTheory.GroupCohomology.Basic
✔ [3812/4675] Built Mathlib.MeasureTheory.Group.Pointwise
✔ [3813/4675] Built Mathlib.Algebra.Category.ModuleCat.Presheaf.Sheafification
✔ [3814/4675] Built Mathlib.Topology.MetricSpace.GromovHausdorffRealized
✔ [3815/4675] Built Mathlib.MeasureTheory.Group.MeasurableEquiv
✔ [3816/4675] Built Mathlib.Probability.ProbabilityMassFunction.Constructions
✔ [3817/4675] Built Mathlib.MeasureTheory.Integral.RieszMarkovKakutani
✔ [3818/4675] Built Mathlib.Topology.Metrizable.Urysohn
✔ [3819/4675] Built Mathlib.MeasureTheory.Order.Group.Lattice
✔ [3820/4675] Built Mathlib.Topology.MetricSpace.ThickenedIndicator
✔ [3821/4675] Built Mathlib.Topology.ContinuousFunction.ZeroAtInfty
✔ [3822/4675] Built Mathlib.Analysis.SpecialFunctions.Complex.Log
✔ [3823/4675] Built Mathlib.LinearAlgebra.QuadraticForm.Real
✔ [3824/4675] Built Mathlib.MeasureTheory.Constructions.BorelSpace.Basic
✔ [3825/4675] Built Mathlib.Analysis.Calculus.FDeriv.RestrictScalars
✔ [3826/4675] Built Mathlib.Analysis.NormedSpace.OperatorNorm.NormedSpace
✔ [3827/4675] Built Mathlib.Geometry.Manifold.Sheaf.Basic
✔ [3828/4675] Built Mathlib.Analysis.Calculus.FDeriv.Comp
✔ [3829/4675] Built Mathlib.Condensed.Light.Explicit
✔ [3830/4675] Built Mathlib.Topology.Sheaves.Sheafify
✔ [3831/4675] Built Mathlib.Geometry.RingedSpace.LocallyRingedSpace
✔ [3832/4675] Built Mathlib.Topology.ContinuousFunction.Compact
✔ [3833/4675] Built Mathlib.FieldTheory.Minpoly.Basic
✔ [3834/4675] Built Mathlib.Algebra.Lie.Nilpotent
✔ [3835/4675] Built Mathlib.RingTheory.RingHom.Integral
✔ [3836/4675] Built Mathlib.LinearAlgebra.QuadraticForm.Dual
✔ [3837/4675] Built Mathlib.LinearAlgebra.CliffordAlgebra.CategoryTheory
✔ [3838/4675] Built Mathlib.LinearAlgebra.ExteriorAlgebra.Basic
✔ [3839/4675] Built Mathlib.LinearAlgebra.QuadraticForm.QuadraticModuleCat.Monoidal
✔ [3840/4675] Built Mathlib.Topology.TietzeExtension
✔ [3841/4675] Built Mathlib.Algebra.Category.ModuleCat.Sheaf.Abelian
✔ [3842/4675] Built Mathlib.Probability.ProbabilityMassFunction.Binomial
✔ [3843/4675] Built Mathlib.RingTheory.Algebraic
✔ [3844/4675] Built Mathlib.Analysis.Normed.Group.ZeroAtInfty
✔ [3845/4675] Built Mathlib.LinearAlgebra.CliffordAlgebra.Grading
✔ [3846/4675] Built Mathlib.Analysis.SpecialFunctions.Complex.Circle
✔ [3847/4675] Built Mathlib.Analysis.SpecialFunctions.Pow.Complex
✔ [3848/4675] Built Mathlib.MeasureTheory.Measure.OpenPos
✔ [3849/4675] Built Mathlib.MeasureTheory.Constructions.BorelSpace.Complex
✔ [3850/4675] Built Mathlib.RingTheory.FractionalIdeal.Operations
✔ [3851/4675] Built Mathlib.MeasureTheory.Constructions.BorelSpace.Order
✔ [3852/4675] Built Mathlib.RingTheory.RootsOfUnity.Complex
✔ [3853/4675] Built Mathlib.Analysis.NormedSpace.OperatorNorm.Mul
✔ [3854/4675] Built Mathlib.Analysis.Calculus.Deriv.Basic
✔ [3855/4675] Built Mathlib.Analysis.NormedSpace.ContinuousAffineMap
✔ [3856/4675] Built Mathlib.Dynamics.Ergodic.Conservative
✔ [3857/4675] Built Mathlib.Analysis.SpecialFunctions.Bernstein
✔ [3858/4675] Built Mathlib.AlgebraicGeometry.ProjectiveSpectrum.StructureSheaf
✔ [3859/4675] Built Mathlib.MeasureTheory.Covering.Vitali
✔ [3860/4675] Built Mathlib.MeasureTheory.Constructions.BorelSpace.ContinuousLinearMap
✔ [3861/4675] Built Mathlib.Analysis.Complex.OperatorNorm
✔ [3862/4675] Built Mathlib.Analysis.NormedSpace.Completion
✔ [3863/4675] Built Mathlib.Analysis.NormedSpace.BanachSteinhaus
✔ [3864/4675] Built Mathlib.Algebra.Lie.CartanSubalgebra
✔ [3865/4675] Built Mathlib.Topology.Separation.NotNormal
✔ [3866/4675] Built Mathlib.Algebra.Lie.Engel
✔ [3867/4675] Built Mathlib.LinearAlgebra.QuadraticForm.QuadraticModuleCat.Symmetric
✔ [3868/4675] Built Mathlib.LinearAlgebra.ExteriorAlgebra.Grading
✔ [3869/4675] Built Mathlib.Geometry.RingedSpace.OpenImmersion
✔ [3870/4675] Built Mathlib.FieldTheory.AxGrothendieck
✔ [3871/4675] Built Mathlib.Analysis.NormedSpace.Banach
✔ [3872/4675] Built Mathlib.FieldTheory.Minpoly.Field
✔ [3873/4675] Built Mathlib.Algebra.AlgebraicCard
✔ [3874/4675] Built Mathlib.RingTheory.AlgebraicIndependent
✔ [3875/4675] Built Mathlib.LinearAlgebra.QuadraticForm.Complex
✔ [3876/4675] Built Mathlib.MeasureTheory.Function.Floor
✔ [3877/4675] Built Mathlib.MeasureTheory.Function.AEMeasurableOrder
✔ [3878/4675] Built Mathlib.FieldTheory.IntermediateField
✔ [3879/4675] Built Mathlib.MeasureTheory.Constructions.BorelSpace.Real
✔ [3880/4675] Built Mathlib.MeasureTheory.Function.SimpleFunc
✔ [3881/4675] Built Mathlib.LinearAlgebra.CliffordAlgebra.Conjugation
✔ [3882/4675] Built Mathlib.Topology.ContinuousFunction.NonUnitalFunctionalCalculus
✔ [3883/4675] Built Mathlib.Analysis.SpecialFunctions.Pow.Real
✔ [3884/4675] Built Mathlib.Topology.ContinuousFunction.Ideals
✔ [3885/4675] Built Mathlib.MeasureTheory.Measure.Regular
✔ [3886/4675] Built Mathlib.Data.Real.Irrational
✔ [3887/4675] Built Mathlib.Analysis.Calculus.Deriv.Support
✔ [3888/4675] Built Mathlib.MeasureTheory.Function.EssSup
✔ [3889/4675] Built Mathlib.MeasureTheory.Measure.Stieltjes
✔ [3890/4675] Built Mathlib.Analysis.NormedSpace.Multilinear.Basic
✔ [3891/4675] Built Mathlib.Analysis.NormedSpace.FiniteDimension
✔ [3892/4675] Built Mathlib.Analysis.BoxIntegral.Partition.Additive
✔ [3893/4675] Built Mathlib.Topology.ContinuousFunction.Weierstrass
✔ [3894/4675] Built Mathlib.Analysis.Calculus.Deriv.Slope
✔ [3895/4675] Built Mathlib.LinearAlgebra.CliffordAlgebra.Prod
✔ [3896/4675] Built Mathlib.Analysis.NormedSpace.Unitization
✔ [3897/4675] Built Mathlib.RingTheory.Localization.Integral
✔ [3898/4675] Built Mathlib.RingTheory.Polynomial.Cyclotomic.Basic
✔ [3899/4675] Built Mathlib.LinearAlgebra.Charpoly.Basic
✔ [3900/4675] Built Mathlib.Analysis.Calculus.Deriv.Comp
✔ [3901/4675] Built Mathlib.LinearAlgebra.Eigenspace.Minpoly
✔ [3902/4675] Built Mathlib.RingTheory.PowerBasis
✔ [3903/4675] Built Mathlib.LinearAlgebra.CliffordAlgebra.Star
✔ [3904/4675] Built Mathlib.Analysis.NormedSpace.Complemented
✔ [3905/4675] Built Mathlib.Analysis.SpecialFunctions.Log.Monotone
✔ [3906/4675] Built Mathlib.Geometry.RingedSpace.LocallyRingedSpace.HasColimits
✔ [3907/4675] Built Mathlib.MeasureTheory.Constructions.BorelSpace.Metric
✔ [3908/4675] Built Mathlib.LinearAlgebra.CliffordAlgebra.Fold
✔ [3909/4675] Built Mathlib.Analysis.SpecialFunctions.Pow.NNReal
✔ [3910/4675] Built Mathlib.Analysis.Normed.Ring.Seminorm
✔ [3911/4675] Built Mathlib.Algebra.Order.CompleteField
✔ [3912/4675] Built Mathlib.Analysis.Calculus.InverseFunctionTheorem.ApproximatesLinearOn
✔ [3913/4675] Built Mathlib.Analysis.SpecificLimits.FloorPow
✔ [3914/4675] Built Mathlib.Algebra.CharP.IntermediateField
✔ [3915/4675] Built Mathlib.MeasureTheory.Group.Action
✔ [3916/4675] Built Mathlib.NumberTheory.Rayleigh
✔ [3917/4675] Built Mathlib.Algebra.Polynomial.Module.FiniteDimensional
✔ [3918/4675] Built Mathlib.LinearAlgebra.AnnihilatingPolynomial
✔ [3919/4675] Built Mathlib.Analysis.SpecialFunctions.Log.Base
✔ [3920/4675] Built Mathlib.Analysis.Convex.SpecificFunctions.Basic
✔ [3921/4675] Built Mathlib.Combinatorics.SimpleGraph.Regularity.Bound
✔ [3922/4675] Built Mathlib.Algebra.Lie.EngelSubalgebra
✔ [3923/4675] Built Mathlib.MeasureTheory.Measure.Content
✔ [3924/4675] Built Mathlib.Analysis.NormedSpace.PiTensorProduct.ProjectiveSeminorm
✔ [3925/4675] Built Mathlib.Analysis.Complex.Conformal
✔ [3926/4675] Built Mathlib.Topology.Instances.Complex
✔ [3927/4675] Built Mathlib.NumberTheory.ClassNumber.AdmissibleCardPowDegree
✔ [3928/4675] Built Mathlib.Topology.Instances.Irrational
✔ [3929/4675] Built Mathlib.Analysis.RCLike.Lemmas
✔ [3930/4675] Built Mathlib.LinearAlgebra.CliffordAlgebra.BaseChange
✔ [3931/4675] Built Mathlib.NumberTheory.DiophantineApproximation
✔ [3932/4675] Built Mathlib.Analysis.NormedSpace.Multilinear.Curry
✔ [3933/4675] Built Mathlib.Analysis.NormedSpace.Star.Unitization
✔ [3934/4675] Built Mathlib.RingTheory.IntegrallyClosed
✔ [3935/4675] Built Mathlib.RingTheory.Ideal.Over
✔ [3936/4675] Built Mathlib.Topology.ContinuousFunction.StoneWeierstrass
✔ [3937/4675] Built Mathlib.FieldTheory.Separable
✔ [3938/4675] Built Mathlib.Analysis.NormedSpace.BoundedLinearMaps
✔ [3939/4675] Built Mathlib.LinearAlgebra.Matrix.Charpoly.Minpoly
✔ [3940/4675] Built Mathlib.LinearAlgebra.Charpoly.ToMatrix
✔ [3941/4675] Built Mathlib.Analysis.SpecialFunctions.Pow.Asymptotics
✔ [3942/4675] Built Mathlib.Data.Real.GoldenRatio
✔ [3943/4675] Built Mathlib.MeasureTheory.Integral.Lebesgue
✔ [3944/4675] Built Mathlib.RingTheory.Adjoin.PowerBasis
✔ [3945/4675] Built Mathlib.LinearAlgebra.ExteriorAlgebra.OfAlternating
✔ [3946/4675] Built Mathlib.LinearAlgebra.CliffordAlgebra.Equivs
✔ [3947/4675] Built Mathlib.MeasureTheory.Constructions.Polish
✔ [3948/4675] Built Mathlib.Analysis.Calculus.InverseFunctionTheorem.FiniteDimensional
✔ [3949/4675] Built Mathlib.LinearAlgebra.CliffordAlgebra.Even
✔ [3950/4675] Built Mathlib.MeasureTheory.Constructions.BorelSpace.Metrizable
✔ [3951/4675] Built Mathlib.MeasureTheory.Function.SpecialFunctions.Basic
✔ [3952/4675] Built Mathlib.Computability.AkraBazzi.GrowsPolynomially
✔ [3953/4675] Built Mathlib.MeasureTheory.Measure.Doubling
✔ [3954/4675] Built Mathlib.Analysis.Convex.SpecificFunctions.Pow
✔ [3955/4675] Built Mathlib.RingTheory.AdjoinRoot
✔ [3956/4675] Built Mathlib.Analysis.NormedSpace.HahnBanach.Extension
✔ [3957/4675] Built Mathlib.Geometry.RingedSpace.PresheafedSpace.Gluing
✔ [3958/4675] Built Mathlib.MeasureTheory.Function.SpecialFunctions.RCLike
✔ [3959/4675] Built Mathlib.LinearAlgebra.CliffordAlgebra.Contraction
✔ [3960/4675] Built Mathlib.Analysis.MeanInequalitiesPow
✔ [3961/4675] Built Mathlib.Combinatorics.SimpleGraph.Regularity.Chunk
✔ [3962/4675] Built Mathlib.Analysis.MeanInequalities
✔ [3963/4675] Built Mathlib.Topology.Instances.RatLemmas
✔ [3964/4675] Built Mathlib.RingTheory.Valuation.Integral
✔ [3965/4675] Built Mathlib.Analysis.Calculus.FormalMultilinearSeries
✔ [3966/4675] Built Mathlib.RingTheory.Polynomial.SeparableDegree
✔ [3967/4675] Built Mathlib.Analysis.Calculus.FDeriv.Linear
✔ [3968/4675] Built Mathlib.NumberTheory.Pell
✔ [3969/4675] Built Mathlib.Algebra.GCDMonoid.IntegrallyClosed
✔ [3970/4675] Built Mathlib.RingTheory.Jacobson
✔ [3971/4675] Built Mathlib.Analysis.NormedSpace.PiTensorProduct.InjectiveSeminorm
✔ [3972/4675] Built Mathlib.Analysis.SpecialFunctions.Pow.Continuity
✔ [3973/4675] Built Mathlib.MeasureTheory.Measure.GiryMonad
✔ [3974/4675] Built Mathlib.Analysis.NormedSpace.Star.Multiplier
✔ [3975/4675] Built Mathlib.Analysis.Complex.Tietze
✔ [3976/4675] Built Mathlib.RingTheory.Polynomial.RationalRoot
✔ [3977/4675] Built Mathlib.MeasureTheory.Measure.WithDensity
✔ [3978/4675] Built Mathlib.MeasureTheory.Measure.HasOuterApproxClosed
✔ [3979/4675] Built Mathlib.MeasureTheory.Integral.Indicator
✔ [3980/4675] Built Mathlib.MeasureTheory.Function.SimpleFuncDense
✔ [3981/4675] Built Mathlib.Analysis.SpecialFunctions.CompareExp
✔ [3982/4675] Built Mathlib.Topology.VectorBundle.Basic
✔ [3983/4675] Built Mathlib.RingTheory.Adjoin.Field
✔ [3984/4675] Built Mathlib.Analysis.InnerProductSpace.Basic
✔ [3985/4675] Built Mathlib.FieldTheory.Finite.Basic
✔ [3986/4675] Built Mathlib.LinearAlgebra.CliffordAlgebra.Inversion
✔ [3987/4675] Built Mathlib.RingTheory.Localization.Away.AdjoinRoot
✔ [3988/4675] Built Mathlib.LinearAlgebra.Eigenspace.Zero
✔ [3989/4675] Built Mathlib.Analysis.NormedSpace.Dual
✔ [3990/4675] Built Mathlib.Combinatorics.SimpleGraph.Regularity.Increment
✔ [3991/4675] Built Mathlib.Analysis.Calculus.Deriv.Linear
✔ [3992/4675] Built Mathlib.Algebra.Module.LinearMap.Polynomial
✔ [3993/4675] Built Mathlib.Analysis.NormedSpace.ProdLp
✔ [3994/4675] Built Mathlib.AlgebraicGeometry.PrimeSpectrum.Basic
✔ [3995/4675] Built Mathlib.Topology.MetricSpace.Holder
✔ [3996/4675] Built Mathlib.LinearAlgebra.CliffordAlgebra.EvenEquiv
✔ [3997/4675] Built Mathlib.RingTheory.DedekindDomain.Basic
✔ [3998/4675] Built Mathlib.Analysis.NormedSpace.HahnBanach.SeparatingDual
✔ [3999/4675] Built Mathlib.MeasureTheory.Integral.MeanInequalities
✔ [4000/4675] Built Mathlib.Analysis.Calculus.FDeriv.Add
✔ [4001/4675] Built Mathlib.Analysis.Calculus.FDeriv.Prod
✔ [4002/4675] Built Mathlib.Analysis.Calculus.FDeriv.Equiv
✔ [4003/4675] Built Mathlib.MeasureTheory.Integral.LebesgueNormedSpace
✔ [4004/4675] Built Mathlib.Analysis.PSeries
✔ [4005/4675] Built Mathlib.Analysis.NormedSpace.PiLp
✔ [4006/4675] Built Mathlib.Analysis.Convex.Strong
✔ [4007/4675] Built Mathlib.Topology.VectorBundle.Hom
✔ [4008/4675] Built Mathlib.NumberTheory.Wilson
✔ [4009/4675] Built Mathlib.FieldTheory.ChevalleyWarning
✔ [4010/4675] Built Mathlib.FieldTheory.SplittingField.IsSplittingField
✔ [4011/4675] Built Mathlib.Analysis.InnerProductSpace.ConformalLinearMap
✔ [4012/4675] Built Mathlib.NumberTheory.LegendreSymbol.QuadraticChar.Basic
✔ [4013/4675] Built Mathlib.MeasureTheory.Category.MeasCat
✔ [4014/4675] Built Mathlib.Analysis.InnerProductSpace.OfNorm
✔ [4015/4675] Built Mathlib.MeasureTheory.Constructions.Prod.Basic
✔ [4016/4675] Built Mathlib.Topology.VectorBundle.Constructions
✔ [4017/4675] Built Mathlib.MeasureTheory.Function.SpecialFunctions.Inner
✔ [4018/4675] Built Mathlib.Analysis.Complex.Arg
✔ [4019/4675] Built Mathlib.MeasureTheory.Function.StronglyMeasurable.Basic
✔ [4020/4675] Built Mathlib.Geometry.Euclidean.Angle.Unoriented.Basic
✔ [4021/4675] Built Mathlib.Analysis.Analytic.Basic
✔ [4022/4675] Built Mathlib.Analysis.NormedSpace.lpSpace
✔ [4023/4675] Built Mathlib.NumberTheory.FermatPsp
✔ [4024/4675] Built Mathlib.RingTheory.Smooth.Basic
✔ [4025/4675] Built Mathlib.Analysis.InnerProductSpace.Orthogonal
✔ [4026/4675] Built Mathlib.Geometry.Euclidean.Inversion.Basic
✔ [4027/4675] Built Mathlib.LinearAlgebra.Matrix.Charpoly.FiniteField
✔ [4028/4675] Built Mathlib.NumberTheory.DirichletCharacter.Bounds
✔ [4029/4675] Built Mathlib.Combinatorics.SimpleGraph.Regularity.Lemma
✔ [4030/4675] Built Mathlib.FieldTheory.Finite.Polynomial
✔ [4031/4675] Built Mathlib.Analysis.InnerProductSpace.Symmetric
✔ [4032/4675] Built Mathlib.NumberTheory.SumFourSquares
✔ [4033/4675] Built Mathlib.Analysis.NormedSpace.UnitizationL1
✔ [4034/4675] Built Mathlib.RingTheory.Unramified.Basic
✔ [4035/4675] Built Mathlib.Analysis.NormedSpace.WeakDual
✔ [4036/4675] Built Mathlib.AlgebraicGeometry.PrimeSpectrum.IsOpenComapC
✔ [4037/4675] Built Mathlib.Analysis.Calculus.FDeriv.Pi
✔ [4038/4675] Built Mathlib.AlgebraicGeometry.PrimeSpectrum.Maximal
✔ [4039/4675] Built Mathlib.AlgebraicGeometry.PrimeSpectrum.Noetherian
✔ [4040/4675] Built Mathlib.Algebra.Lie.Rank
✔ [4041/4675] Built Mathlib.Analysis.Calculus.Conformal.NormedSpace
✔ [4042/4675] Built Mathlib.Analysis.Calculus.Deriv.Add
✔ [4043/4675] Built Mathlib.Analysis.Calculus.Deriv.Prod
✔ [4044/4675] Built Mathlib.Analysis.Calculus.FDeriv.Bilinear
✔ [4045/4675] Built Mathlib.NumberTheory.SumPrimeReciprocals
✔ [4046/4675] Built Mathlib.Analysis.Calculus.Deriv.Inverse
✔ [4047/4675] Built Mathlib.RingTheory.DiscreteValuationRing.TFAE
✔ [4048/4675] Built Mathlib.NumberTheory.LegendreSymbol.Basic
✔ [4049/4675] Built Mathlib.RingTheory.Valuation.ValuationSubring
✔ [4050/4675] Built Mathlib.Analysis.PSeriesComplex
✔ [4051/4675] Built Mathlib.Analysis.Calculus.InverseFunctionTheorem.FDeriv
✔ [4052/4675] Built Mathlib.NumberTheory.LSeries.Basic
✔ [4053/4675] Built Mathlib.MeasureTheory.Function.Egorov
✔ [4054/4675] Built Mathlib.Analysis.Calculus.FDeriv.Star
✔ [4055/4675] Built Mathlib.Analysis.Analytic.Linear
✔ [4056/4675] Built Mathlib.FieldTheory.SplittingField.Construction
✔ [4057/4675] Built Mathlib.Probability.Kernel.Disintegration.MeasurableStieltjes
✔ [4058/4675] Built Mathlib.MeasureTheory.Function.AEEqFun
✔ [4059/4675] Built Mathlib.Analysis.Analytic.CPolynomial
✔ [4060/4675] Built Mathlib.Analysis.Calculus.FDeriv.Measurable
✔ [4061/4675] Built Mathlib.MeasureTheory.Group.Convolution
✔ [4062/4675] Built Mathlib.MeasureTheory.Function.StronglyMeasurable.Inner
✔ [4063/4675] Built Mathlib.Analysis.Analytic.RadiusLiminf
✔ [4064/4675] Built Mathlib.Topology.MetricSpace.Kuratowski
✔ [4065/4675] Built Mathlib.NumberTheory.ModularForms.EisensteinSeries.UniformConvergence
✔ [4066/4675] Built Mathlib.Geometry.Euclidean.Angle.Unoriented.Affine
✔ [4067/4675] Built Mathlib.Geometry.Euclidean.PerpBisector
✔ [4068/4675] Built Mathlib.Analysis.Calculus.ContDiff.Defs
✔ [4069/4675] Built Mathlib.Analysis.Analytic.Composition
✔ [4070/4675] Built Mathlib.FieldTheory.Adjoin
✔ [4071/4675] Built Mathlib.Analysis.NormedSpace.LpEquiv
✔ [4072/4675] Built Mathlib.RingTheory.Etale.Basic
✔ [4073/4675] Built Mathlib.RingTheory.Unramified.Derivations
✔ [4074/4675] Built Mathlib.Analysis.Calculus.LocalExtr.Basic
✔ [4075/4675] Built Mathlib.RingTheory.WittVector.StructurePolynomial
✔ [4076/4675] Built Mathlib.Analysis.Calculus.Deriv.Pi
✔ [4077/4675] Built Mathlib.Geometry.Manifold.ConformalGroupoid
✔ [4078/4675] Built Mathlib.Algebra.Lie.CartanExists
✔ [4079/4675] Built Mathlib.Combinatorics.SimpleGraph.Triangle.Removal
✔ [4080/4675] Built Mathlib.Geometry.Euclidean.Angle.Unoriented.Conformal
✔ [4081/4675] Built Mathlib.Analysis.Calculus.Conformal.InnerProduct
✔ [4082/4675] Built Mathlib.Analysis.Calculus.Deriv.Shift
✔ [4083/4675] Built Mathlib.RingTheory.DedekindDomain.Dvr
✔ [4084/4675] Built Mathlib.NumberTheory.LSeries.Linearity
✔ [4085/4675] Built Mathlib.AlgebraicGeometry.StructureSheaf
✔ [4086/4675] Built Mathlib.Topology.Algebra.Valuation
✔ [4087/4675] Built Mathlib.RingTheory.Valuation.RamificationGroup
✔ [4088/4675] Built Mathlib.Analysis.Calculus.InverseFunctionTheorem.Deriv
✔ [4089/4675] Built Mathlib.Analysis.Calculus.Deriv.AffineMap
✔ [4090/4675] Built Mathlib.Analysis.Calculus.Deriv.Star
✔ [4091/4675] Built Mathlib.Analysis.NormedSpace.Exponential
✔ [4092/4675] Built Mathlib.Dynamics.Ergodic.Function
✔ [4093/4675] Built Mathlib.NumberTheory.LegendreSymbol.GaussEisensteinLemmas
✔ [4094/4675] Built Mathlib.NumberTheory.LSeries.Convergence
✔ [4095/4675] Built Mathlib.NumberTheory.Zsqrtd.QuadraticReciprocity
✔ [4096/4675] Built Mathlib.Analysis.Calculus.LagrangeMultipliers
✔ [4097/4675] Built Mathlib.MeasureTheory.Group.Measure
✔ [4098/4675] Built Mathlib.Topology.MetricSpace.GromovHausdorff
✔ [4099/4675] Built Mathlib.Analysis.InnerProductSpace.Projection
✔ [4100/4675] Built Mathlib.FieldTheory.Perfect
✔ [4101/4675] Built Mathlib.Geometry.Euclidean.Inversion.ImageHyperplane
✔ [4102/4675] Built Mathlib.Analysis.Calculus.IteratedDeriv.Defs
✔ [4103/4675] Built Mathlib.MeasureTheory.Function.AEEqFun.DomAct
✔ [4104/4675] Built Mathlib.MeasureTheory.Function.LpSeminorm.Basic
✔ [4105/4675] Built Mathlib.Analysis.Analytic.Inverse
✔ [4106/4675] Built Mathlib.FieldTheory.Extension
✔ [4107/4675] Built Mathlib.RingTheory.WittVector.Defs
✔ [4108/4675] Built Mathlib.Analysis.Calculus.FDeriv.Mul
✔ [4109/4675] Built Mathlib.RingTheory.Polynomial.GaussLemma
✔ [4110/4675] Built Mathlib.RingTheory.DedekindDomain.Ideal
✔ [4111/4675] Built Mathlib.Analysis.Analytic.Uniqueness
✔ [4112/4675] Built Mathlib.Analysis.Calculus.LocalExtr.Rolle
✔ [4113/4675] Built Mathlib.Analysis.Analytic.Constructions
✔ [4114/4675] Built Mathlib.Combinatorics.Additive.Corner.Roth
✔ [4115/4675] Built Mathlib.Analysis.Calculus.Implicit
✔ [4116/4675] Built Mathlib.Topology.Algebra.NormedValued
✔ [4117/4675] Built Mathlib.Analysis.NormedSpace.Star.Exponential
✔ [4118/4675] Built Mathlib.NumberTheory.LSeries.Convolution
✔ [4119/4675] Built Mathlib.MeasureTheory.Group.LIntegral
✔ [4120/4675] Built Mathlib.Analysis.Convex.Cone.InnerDual
✔ [4121/4675] Built Mathlib.MeasureTheory.Group.Prod
✔ [4122/4675] Built Mathlib.FieldTheory.PerfectClosure
✔ [4123/4675] Built Mathlib.Topology.Algebra.ValuedField
✔ [4124/4675] Built Mathlib.MeasureTheory.Function.LpSeminorm.ChebyshevMarkov
✔ [4125/4675] Built Mathlib.NumberTheory.SumTwoSquares
✔ [4126/4675] Built Mathlib.MeasureTheory.Measure.EverywherePos
✔ [4127/4675] Built Mathlib.MeasureTheory.Function.LpSeminorm.Trim
✔ [4128/4675] Built Mathlib.Analysis.InnerProductSpace.MeanErgodic
✔ [4129/4675] Built Mathlib.Analysis.Calculus.FDeriv.Analytic
✔ [4130/4675] Built Mathlib.MeasureTheory.Function.LpSeminorm.TriangleInequality
✔ [4131/4675] Built Mathlib.MeasureTheory.Constructions.Pi
✔ [4132/4675] Built Mathlib.MeasureTheory.Function.LpSeminorm.CompareExp
✔ [4133/4675] Built Mathlib.RingTheory.WittVector.Basic
✔ [4134/4675] Built Mathlib.Analysis.InnerProductSpace.Dual
✔ [4135/4675] Built Mathlib.FieldTheory.Minpoly.IsIntegrallyClosed
✔ [4136/4675] Built Mathlib.Geometry.Euclidean.Basic
✔ [4137/4675] Built Mathlib.Analysis.NormedSpace.TrivSqZeroExt
✔ [4138/4675] Built Mathlib.RingTheory.DedekindDomain.Factorization
✔ [4139/4675] Built Mathlib.Algebra.Module.DedekindDomain
✔ [4140/4675] Built Mathlib.RingTheory.DedekindDomain.PID
✔ [4141/4675] Built Mathlib.RingTheory.ClassGroup
✔ [4142/4675] Built Mathlib.AlgebraicGeometry.Spec
✔ [4143/4675] Built Mathlib.Analysis.Calculus.Deriv.Mul
✔ [4144/4675] Built Mathlib.NumberTheory.RamificationInertia
✔ [4145/4675] Built Mathlib.RingTheory.Perfection
✔ [4146/4675] Built Mathlib.Analysis.Analytic.Polynomial
✔ [4147/4675] Built Mathlib.FieldTheory.Normal
✔ [4148/4675] Built Mathlib.Analysis.InnerProductSpace.PiL2
✔ [4149/4675] Built Mathlib.RingTheory.WittVector.Teichmuller
✔ [4150/4675] Built Mathlib.MeasureTheory.Measure.Haar.Basic
✔ [4151/4675] Built Mathlib.Analysis.InnerProductSpace.LaxMilgram
✔ [4152/4675] Built Mathlib.LinearAlgebra.Semisimple
✔ [4153/4675] Built Mathlib.RingTheory.DedekindDomain.AdicValuation
✔ [4154/4675] Built Mathlib.Analysis.Convex.Cone.Pointed
✔ [4155/4675] Built Mathlib.Analysis.NormedSpace.DualNumber
✔ [4156/4675] Built Mathlib.Geometry.Euclidean.Sphere.Basic
✔ [4157/4675] Built Mathlib.RingTheory.WittVector.IsPoly
✔ [4158/4675] Built Mathlib.MeasureTheory.Integral.Marginal
✔ [4159/4675] Built Mathlib.Analysis.Calculus.ContDiff.Basic
✔ [4160/4675] Built Mathlib.Analysis.Calculus.Deriv.Inv
✔ [4161/4675] Built Mathlib.Analysis.SpecialFunctions.Exponential
✔ [4162/4675] Built Mathlib.Analysis.Calculus.Deriv.Pow
✔ [4163/4675] Built Mathlib.RingTheory.IsAdjoinRoot
✔ [4164/4675] Built Mathlib.Analysis.Calculus.Darboux
✔ [4165/4675] Built Mathlib.RingTheory.RootsOfUnity.Minpoly
✔ [4166/4675] Built Mathlib.Analysis.Calculus.Gradient.Basic
✔ [4167/4675] Built Mathlib.AlgebraicGeometry.Scheme
✔ [4168/4675] Built Mathlib.Analysis.Calculus.LineDeriv.Basic
✔ [4169/4675] Built Mathlib.Algebra.Module.PID
✔ [4170/4675] Built Mathlib.Analysis.Matrix
✔ [4171/4675] Built Mathlib.Analysis.InnerProductSpace.l2Space
✔ [4172/4675] Built Mathlib.RingTheory.DedekindDomain.SInteger
✔ [4173/4675] Built Mathlib.Analysis.Convex.Cone.Closure
✔ [4174/4675] Built Mathlib.Analysis.InnerProductSpace.Adjoint
✔ [4175/4675] Built Mathlib.MeasureTheory.Function.LpSpace
✔ [4176/4675] Built Mathlib.LinearAlgebra.Eigenspace.Semisimple
✔ [4177/4675] Built Mathlib.FieldTheory.NormalClosure
✔ [4178/4675] Built Mathlib.LinearAlgebra.JordanChevalley
✔ [4179/4675] Built Mathlib.Analysis.InnerProductSpace.ProdL2
✔ [4180/4675] Built Mathlib.RingTheory.DedekindDomain.SelmerGroup
✔ [4181/4675] Built Mathlib.LinearAlgebra.Matrix.Hermitian
✔ [4182/4675] Built Mathlib.RingTheory.WittVector.MulP
✔ [4183/4675] Built Mathlib.Geometry.Euclidean.Sphere.SecondInter
✔ [4184/4675] Built Mathlib.Analysis.Calculus.MeanValue
✔ [4185/4675] Built Mathlib.Analysis.InnerProductSpace.GramSchmidtOrtho
✔ [4186/4675] Built Mathlib.Geometry.Euclidean.Sphere.Power
✔ [4187/4675] Built Mathlib.Analysis.Quaternion
✔ [4188/4675] Built Mathlib.MeasureTheory.Measure.Haar.OfBasis
✔ [4189/4675] Built Mathlib.RingTheory.WittVector.InitTail
✔ [4190/4675] Built Mathlib.RingTheory.WittVector.Verschiebung
✔ [4191/4675] Built Mathlib.Analysis.SpecialFunctions.Trigonometric.Series
✔ [4192/4675] Built Mathlib.RingTheory.DedekindDomain.FiniteAdeleRing
✔ [4193/4675] Built Mathlib.Analysis.Calculus.AffineMap
✔ [4194/4675] Built Mathlib.Analysis.Calculus.Dslope
✔ [4195/4675] Built Mathlib.FieldTheory.Fixed
✔ [4196/4675] Built Mathlib.Geometry.Manifold.SmoothManifoldWithCorners
✔ [4197/4675] Built Mathlib.FieldTheory.IsAlgClosed.Basic
✔ [4198/4675] Built Mathlib.RingTheory.WittVector.Frobenius
✔ [4199/4675] Built Mathlib.Analysis.Calculus.ContDiff.FiniteDimension
✔ [4200/4675] Built Mathlib.Analysis.SpecialFunctions.Sqrt
✔ [4201/4675] Built Mathlib.Analysis.Calculus.BumpFunction.Basic
✔ [4202/4675] Built Mathlib.NumberTheory.KummerDedekind
✔ [4203/4675] Built Mathlib.Analysis.Calculus.DiffContOnCl
✔ [4204/4675] Built Mathlib.Analysis.Calculus.Deriv.ZPow
✔ [4205/4675] Built Mathlib.RingTheory.Polynomial.Cyclotomic.Roots
✔ [4206/4675] Built Mathlib.Analysis.Calculus.Deriv.Polynomial
✔ [4207/4675] Built Mathlib.Combinatorics.Derangements.Exponential
✔ [4208/4675] Built Mathlib.Analysis.Calculus.IteratedDeriv.Lemmas
✔ [4209/4675] Built Mathlib.Analysis.Complex.RealDeriv
✔ [4210/4675] Built Mathlib.Geometry.Euclidean.Circumcenter
✔ [4211/4675] Built Mathlib.Analysis.InnerProductSpace.Positive
✔ [4212/4675] Built Mathlib.Tactic.FunProp.Measurable
✔ [4213/4675] Built Mathlib.MeasureTheory.Function.LpOrder
✔ [4214/4675] Built Mathlib.MeasureTheory.Function.LpSpace.DomAct.Basic
✔ [4215/4675] Built Mathlib.MeasureTheory.Function.ConvergenceInMeasure
✔ [4216/4675] Built Mathlib.Analysis.Calculus.LineDeriv.Measurable
✔ [4217/4675] Built Mathlib.GroupTheory.FiniteAbelian
✔ [4218/4675] Built Mathlib.Analysis.Calculus.FDeriv.Extend
✔ [4219/4675] Built Mathlib.AlgebraicGeometry.Modules.Presheaf
✔ [4220/4675] Built Mathlib.Analysis.Calculus.ContDiff.Bounds
✔ [4221/4675] Built Mathlib.Analysis.Calculus.Taylor
✔ [4222/4675] Built Mathlib.AlgebraicGeometry.OpenImmersion
✔ [4223/4675] Built Mathlib.Analysis.Calculus.ContDiff.RCLike
✔ [4224/4675] Built Mathlib.Analysis.Convex.Cone.Proper
✔ [4225/4675] Built Mathlib.Analysis.InnerProductSpace.LinearPMap
✔ [4226/4675] Built Mathlib.Analysis.Calculus.FDeriv.Symmetric
✔ [4227/4675] Built Mathlib.Analysis.VonNeumannAlgebra.Basic
✔ [4228/4675] Built Mathlib.MeasureTheory.Measure.Lebesgue.Basic
✔ [4229/4675] Built Mathlib.RingTheory.WittVector.Truncated
✔ [4230/4675] Built Mathlib.Geometry.Manifold.InteriorBoundary
✔ [4231/4675] Built Mathlib.Analysis.Calculus.LHopital
✔ [4232/4675] Built Mathlib.Analysis.Convex.Deriv
✔ [4233/4675] Built Mathlib.FieldTheory.IsAlgClosed.Spectrum
✔ [4234/4675] Built Mathlib.LinearAlgebra.Matrix.Charpoly.Eigs
✔ [4235/4675] Built Mathlib.Analysis.InnerProductSpace.Orientation
✔ [4236/4675] Built Mathlib.Geometry.Manifold.Instances.Real
✔ [4237/4675] Built Mathlib.Analysis.Calculus.UniformLimitsDeriv
✔ [4238/4675] Built Mathlib.Analysis.NormedSpace.QuaternionExponential
✔ [4239/4675] Built Mathlib.FieldTheory.IsAlgClosed.Classification
✔ [4240/4675] Built Mathlib.FieldTheory.IsAlgClosed.AlgebraicClosure
✔ [4241/4675] Built Mathlib.Geometry.Manifold.ContMDiff.Defs
✔ [4242/4675] Built Mathlib.Geometry.Manifold.Metrizable
✔ [4243/4675] Built Mathlib.Analysis.NormedSpace.MatrixExponential
✔ [4244/4675] Built Mathlib.Analysis.NormedSpace.AddTorsorBases
✔ [4245/4675] Built Mathlib.Analysis.InnerProductSpace.Calculus
✔ [4246/4675] Built Mathlib.RingTheory.WittVector.Identities
✔ [4247/4675] Built Mathlib.RingTheory.Polynomial.Cyclotomic.Expand
✔ [4248/4675] Built Mathlib.Analysis.Analytic.IsolatedZeros
✔ [4249/4675] Built Mathlib.RingTheory.Nullstellensatz
✔ [4250/4675] Built Mathlib.Tactic.FunProp.AEMeasurable
✔ [4251/4675] Built Mathlib.Analysis.NormedSpace.Star.Matrix
✔ [4252/4675] Built Mathlib.Analysis.Calculus.LocalExtr.Polynomial
✔ [4253/4675] Built Mathlib.AlgebraicGeometry.Modules.Sheaf
✔ [4254/4675] Built Mathlib.Geometry.Euclidean.MongePoint
✔ [4255/4675] Built Mathlib.MeasureTheory.Function.L1Space
✔ [4256/4675] Built Mathlib.MeasureTheory.Constructions.UnitInterval
✔ [4257/4675] Built Mathlib.Analysis.BoxIntegral.Partition.Measure
✔ [4258/4675] Built Mathlib.AlgebraicGeometry.Gluing
✔ [4259/4675] Built Mathlib.RingTheory.WittVector.MulCoeff
✔ [4260/4675] Built Mathlib.NumberTheory.Liouville.Basic
✔ [4261/4675] Built Mathlib.AlgebraicGeometry.Restrict
✔ [4262/4675] Built Mathlib.Analysis.Calculus.InverseFunctionTheorem.ContDiff
✔ [4263/4675] Built Mathlib.Analysis.SpecialFunctions.ExpDeriv
✔ [4264/4675] Built Mathlib.CategoryTheory.Preadditive.Schur
✔ [4265/4675] Built Mathlib.LinearAlgebra.Eigenspace.Triangularizable
✔ [4266/4675] Built Mathlib.RingTheory.Polynomial.Cyclotomic.Eval
✔ [4267/4675] Built Mathlib.RingTheory.WittVector.Domain
✔ [4268/4675] Built Mathlib.Geometry.Manifold.ContMDiff.Basic
✔ [4269/4675] Built Mathlib.Analysis.Convex.Intrinsic
✔ [4270/4675] Built Mathlib.MeasureTheory.Measure.Hausdorff
✔ [4271/4675] Built Mathlib.Analysis.InnerProductSpace.EuclideanDist
✔ [4272/4675] Built Mathlib.FieldTheory.PrimitiveElement
✔ [4273/4675] Built Mathlib.RingTheory.WittVector.Compare
✔ [4274/4675] Built Mathlib.Analysis.Analytic.Meromorphic
✔ [4275/4675] Built Mathlib.MeasureTheory.Measure.Lebesgue.EqHaar
✔ [4276/4675] Built Mathlib.Geometry.Euclidean.Inversion.Calculus
✔ [4277/4675] Built Mathlib.Analysis.Calculus.SmoothSeries
✔ [4278/4675] Built Mathlib.NumberTheory.Liouville.LiouvilleNumber
✔ [4279/4675] Built Mathlib.Analysis.InnerProductSpace.TwoDim
✔ [4280/4675] Built Mathlib.MeasureTheory.Function.UniformIntegrable
✔ [4281/4675] Built Mathlib.MeasureTheory.Integral.IntegrableOn
✔ [4282/4675] Built Mathlib.Analysis.ODE.Gronwall
✔ [4283/4675] Built Mathlib.RingTheory.Polynomial.Hermite.Gaussian
✔ [4284/4675] Built Mathlib.Analysis.SpecialFunctions.Complex.LogDeriv
✔ [4285/4675] Built Mathlib.NumberTheory.Liouville.LiouvilleWith
✔ [4286/4675] Built Mathlib.NumberTheory.PrimesCongruentOne
✔ [4287/4675] Built Mathlib.MeasureTheory.Function.SimpleFuncDenseLp
✔ [4288/4675] Built Mathlib.Analysis.SpecialFunctions.SmoothTransition
✔ [4289/4675] Built Mathlib.Analysis.InnerProductSpace.Rayleigh
✔ [4290/4675] Built Mathlib.Analysis.SpecialFunctions.Log.Deriv
✔ [4291/4675] Built Mathlib.Analysis.BoxIntegral.Basic
✔ [4292/4675] Built Mathlib.FieldTheory.SeparableDegree
✔ [4293/4675] Built Mathlib.Geometry.Manifold.ContMDiff.Atlas
✔ [4294/4675] Built Mathlib.RingTheory.LittleWedderburn
✔ [4295/4675] Built Mathlib.RepresentationTheory.FdRep
✔ [4296/4675] Built Mathlib.Analysis.SpecialFunctions.Trigonometric.Deriv
✔ [4297/4675] Built Mathlib.NumberTheory.Liouville.Residual
✔ [4298/4675] Built Mathlib.Geometry.Manifold.ContMDiff.Product
✔ [4299/4675] Built Mathlib.Topology.MetricSpace.HausdorffDimension
✔ [4300/4675] Built Mathlib.FieldTheory.Minpoly.MinpolyDiv
✔ [4301/4675] Built Mathlib.Analysis.Convex.Measure
✔ [4302/4675] Built Mathlib.MeasureTheory.Measure.Haar.InnerProductSpace
✔ [4303/4675] Built Mathlib.RingTheory.WittVector.DiscreteValuationRing
✔ [4304/4675] Built Mathlib.FieldTheory.Galois
✔ [4305/4675] Built Mathlib.MeasureTheory.Function.LocallyIntegrable
✔ [4306/4675] Built Mathlib.Algebra.Lie.Weights.Basic
✔ [4307/4675] Built Mathlib.Analysis.Calculus.BumpFunction.InnerProduct
✔ [4308/4675] Built Mathlib.AlgebraicGeometry.GammaSpecAdjunction
✔ [4309/4675] Built Mathlib.MeasureTheory.Function.StronglyMeasurable.Lp
✔ [4310/4675] Built Mathlib.Data.Complex.ExponentialBounds
✔ [4311/4675] Built Mathlib.Tactic.FunProp.Differentiable
✔ [4312/4675] Built Mathlib.Geometry.Euclidean.Angle.Oriented.Basic
✔ [4313/4675] Built Mathlib.RepresentationTheory.Invariants
✔ [4314/4675] Built Mathlib.Analysis.SpecialFunctions.Trigonometric.InverseDeriv
✔ [4315/4675] Built Mathlib.Analysis.SpecialFunctions.Log.NegMulLog
✔ [4316/4675] Built Mathlib.Analysis.SpecialFunctions.Arsinh
✔ [4317/4675] Built Mathlib.Analysis.Convex.SpecificFunctions.Deriv
✔ [4318/4675] Built Mathlib.Analysis.BoxIntegral.DivergenceTheorem
✔ [4319/4675] Built Mathlib.Analysis.InnerProductSpace.Spectrum
✔ [4320/4675] Built Mathlib.FieldTheory.PolynomialGaloisGroup
✔ [4321/4675] Built Mathlib.RingTheory.WittVector.FrobeniusFractionField
✔ [4322/4675] Built Mathlib.FieldTheory.IsSepClosed
✔ [4323/4675] Built Mathlib.NumberTheory.Liouville.Measure
✔ [4324/4675] Built Mathlib.RingTheory.Norm
✔ [4325/4675] Built Mathlib.MeasureTheory.Measure.Lebesgue.Complex
✔ [4326/4675] Built Mathlib.MeasureTheory.Integral.Asymptotics
✔ [4327/4675] Built Mathlib.FieldTheory.Finite.GaloisField
✔ [4328/4675] Built Mathlib.MeasureTheory.Integral.SetToL1
✔ [4329/4675] Built Mathlib.Analysis.SpecialFunctions.Pow.Deriv
✔ [4330/4675] Built Mathlib.Combinatorics.Additive.AP.Three.Behrend
✔ [4331/4675] Built Mathlib.Algebra.Lie.Weights.Cartan
✔ [4332/4675] Built Mathlib.Tactic.FunProp.ContDiff
✔ [4333/4675] Built Mathlib.FieldTheory.KrullTopology
✔ [4334/4675] Built Mathlib.Geometry.Manifold.ContMDiff.NormedSpace
✔ [4335/4675] Built Mathlib.RingTheory.Trace
✔ [4336/4675] Built Mathlib.RepresentationTheory.Character
✔ [4337/4675] Built Mathlib.Geometry.Euclidean.Angle.Oriented.Rotation
✔ [4338/4675] Built Mathlib.Algebra.Lie.Weights.Linear
✔ [4339/4675] Built Mathlib.RingTheory.WittVector.Isocrystal
✔ [4340/4675] Built Mathlib.AlgebraicGeometry.ProjectiveSpectrum.Scheme
✔ [4341/4675] Built Mathlib.RepresentationTheory.GroupCohomology.LowDegree
✔ [4342/4675] Built Mathlib.FieldTheory.SeparableClosure
✔ [4343/4675] Built Mathlib.Analysis.Complex.UpperHalfPlane.Metric
✔ [4344/4675] Built Mathlib.NumberTheory.Harmonic.EulerMascheroni
✔ [4345/4675] Built Mathlib.LinearAlgebra.FreeModule.Norm
✔ [4346/4675] Built Mathlib.NumberTheory.Bertrand
✔ [4347/4675] Built Mathlib.AlgebraicGeometry.AffineScheme
✔ [4348/4675] Built Mathlib.FieldTheory.KummerExtension
✔ [4349/4675] Built Mathlib.Analysis.SpecialFunctions.Trigonometric.Complex
✔ [4350/4675] Built Mathlib.RingTheory.Polynomial.Eisenstein.IsIntegral
✔ [4351/4675] Built Mathlib.FieldTheory.AbelRuffini
✔ [4352/4675] Built Mathlib.Geometry.Manifold.ContMDiffMap
✔ [4353/4675] Built Mathlib.Geometry.Manifold.VectorBundle.FiberwiseLinear
✔ [4354/4675] Built Mathlib.RingTheory.Complex
✔ [4355/4675] Built Mathlib.RingTheory.NormTrace
✔ [4356/4675] Built Mathlib.LinearAlgebra.Matrix.Spectrum
✔ [4357/4675] Built Mathlib.FieldTheory.Finite.Trace
✔ [4358/4675] Built Mathlib.RingTheory.DedekindDomain.IntegralClosure
✔ [4359/4675] Built Mathlib.Computability.AkraBazzi.AkraBazzi
✔ [4360/4675] Built Mathlib.RingTheory.Discriminant
✔ [4361/4675] Built Mathlib.FieldTheory.Cardinality
✔ [4362/4675] Built Mathlib.FieldTheory.AbsoluteGaloisGroup
✔ [4363/4675] Built Mathlib.MeasureTheory.Integral.Bochner
✔ [4364/4675] Built Mathlib.Analysis.SpecialFunctions.Trigonometric.ComplexDeriv
✔ [4365/4675] Built Mathlib.Geometry.Euclidean.Angle.Oriented.Affine
✔ [4366/4675] Built Mathlib.Algebra.Lie.Weights.Chain
✔ [4367/4675] Built Mathlib.RepresentationTheory.GroupCohomology.Hilbert90
✔ [4368/4675] Built Mathlib.Analysis.SpecialFunctions.Trigonometric.Arctan
✔ [4369/4675] Built Mathlib.RingTheory.RootsOfUnity.Lemmas
✔ [4370/4675] Built Mathlib.FieldTheory.PurelyInseparable
✔ [4371/4675] Built Mathlib.AlgebraicGeometry.Pullbacks
✔ [4372/4675] Built Mathlib.AlgebraicGeometry.EllipticCurve.Group
✔ [4373/4675] Built Mathlib.Algebra.Lie.TraceForm
✔ [4374/4675] Built Mathlib.Geometry.Manifold.Algebra.Monoid
✔ [4375/4675] Built Mathlib.RingTheory.Localization.NormTrace
✔ [4376/4675] Built Mathlib.LinearAlgebra.Matrix.PosDef
✔ [4377/4675] Built Mathlib.Geometry.Manifold.VectorBundle.Basic
✔ [4378/4675] Built Mathlib.NumberTheory.NumberField.Basic
✔ [4379/4675] Built Mathlib.MeasureTheory.Integral.BoundedContinuousFunction
✔ [4380/4675] Built Mathlib.Probability.ProbabilityMassFunction.Integrals
✔ [4381/4675] Built Mathlib.MeasureTheory.Function.ContinuousMapDense
✔ [4382/4675] Built Mathlib.AlgebraicGeometry.Properties
✔ [4383/4675] Built Mathlib.NumberTheory.ClassNumber.Finite
✔ [4384/4675] Built Mathlib.NumberTheory.FunctionField
✔ [4385/4675] Built Mathlib.Probability.Kernel.Basic
✔ [4386/4675] Built Mathlib.MeasureTheory.Group.Integral
✔ [4387/4675] Built Mathlib.MeasureTheory.Function.SpecialFunctions.Arctan
✔ [4388/4675] Built Mathlib.MeasureTheory.Integral.VitaliCaratheodory
✔ [4389/4675] Built Mathlib.Analysis.SpecialFunctions.Trigonometric.ArctanDeriv
✔ [4390/4675] Built Mathlib.Geometry.Euclidean.Angle.Unoriented.RightAngle
✔ [4391/4675] Built Mathlib.AlgebraicGeometry.Limits
✔ [4392/4675] Built Mathlib.FieldTheory.IsPerfectClosure
✔ [4393/4675] Built Mathlib.Geometry.Manifold.Algebra.LieGroup
✔ [4394/4675] Built Mathlib.AlgebraicGeometry.Sites.BigZariski
✔ [4395/4675] Built Mathlib.Geometry.Euclidean.Triangle
✔ [4396/4675] Built Mathlib.RingTheory.DedekindDomain.Different
✔ [4397/4675] Built Mathlib.Algebra.Lie.Killing
✔ [4398/4675] Built Mathlib.LinearAlgebra.Matrix.LDL
✔ [4399/4675] Built Mathlib.MeasureTheory.Function.ConditionalExpectation.AEMeasurable
✔ [4400/4675] Built Mathlib.AlgebraicGeometry.Morphisms.Basic
✔ [4401/4675] Built Mathlib.RingTheory.Ideal.Norm
✔ [4402/4675] Built Mathlib.Combinatorics.SimpleGraph.LapMatrix
✔ [4403/4675] Built Mathlib.Geometry.Manifold.VectorBundle.Pullback
✔ [4404/4675] Built Mathlib.LinearAlgebra.Matrix.SchurComplement
✔ [4405/4675] Built Mathlib.Geometry.Manifold.VectorBundle.Hom
✔ [4406/4675] Built Mathlib.Geometry.Manifold.VectorBundle.Tangent
✔ [4407/4675] Built Mathlib.AlgebraicGeometry.FunctionField
✔ [4408/4675] Built Mathlib.NumberTheory.NumberField.Norm
✔ [4409/4675] Built Mathlib.MeasureTheory.Integral.SetIntegral
✔ [4410/4675] Built Mathlib.NumberTheory.Cyclotomic.Basic
✔ [4411/4675] Built Mathlib.MeasureTheory.Measure.FiniteMeasure
✔ [4412/4675] Built Mathlib.Probability.Independence.Kernel
✔ [4413/4675] Built Mathlib.NumberTheory.ClassNumber.FunctionField
✔ [4414/4675] Built Mathlib.RingTheory.IntegralRestrict
✔ [4415/4675] Built Mathlib.Analysis.SpecialFunctions.Trigonometric.Bounds
✔ [4416/4675] Built Mathlib.Geometry.Manifold.Instances.UnitsOfNormedAlgebra
✔ [4417/4675] Built Mathlib.Geometry.Manifold.Algebra.Structures
✔ [4418/4675] Built Mathlib.Geometry.Euclidean.Sphere.Ptolemy
✔ [4419/4675] Built Mathlib.AlgebraicGeometry.Morphisms.OpenImmersion
✔ [4420/4675] Built Mathlib.AlgebraicGeometry.Morphisms.UniversallyClosed
✔ [4421/4675] Built Mathlib.Algebra.Lie.Derivation.Killing
✔ [4422/4675] Built Mathlib.RingTheory.FractionalIdeal.Norm
✔ [4423/4675] Built Mathlib.Geometry.Euclidean.Angle.Oriented.RightAngle
✔ [4424/4675] Built Mathlib.Geometry.Manifold.MFDeriv.Defs
✔ [4425/4675] Built Mathlib.MeasureTheory.Function.AEEqOfIntegral
✔ [4426/4675] Built Mathlib.AlgebraicGeometry.Morphisms.QuasiCompact
✔ [4427/4675] Built Mathlib.MeasureTheory.Integral.Average
✔ [4428/4675] Built Mathlib.MeasureTheory.Measure.Haar.NormedSpace
✔ [4429/4675] Built Mathlib.MeasureTheory.Function.L2Space
✔ [4430/4675] Built Mathlib.Analysis.Calculus.BumpFunction.Normed
✔ [4431/4675] Built Mathlib.Analysis.BoxIntegral.Integrability
✔ [4432/4675] Built Mathlib.Probability.Independence.Basic
✔ [4433/4675] Built Mathlib.Data.Real.Pi.Bounds
✔ [4434/4675] Built Mathlib.Analysis.Complex.Angle
✔ [4435/4675] Built Mathlib.AlgebraicGeometry.Morphisms.RingHomProperties
✔ [4436/4675] Built Mathlib.MeasureTheory.Integral.IntervalIntegral
✔ [4437/4675] Built Mathlib.MeasureTheory.Group.FundamentalDomain
✔ [4438/4675] Built Mathlib.Geometry.Manifold.Algebra.SmoothFunctions
✔ [4439/4675] Built Mathlib.NumberTheory.NumberField.FractionalIdeal
✔ [4440/4675] Built Mathlib.MeasureTheory.Measure.WithDensityVectorMeasure
✔ [4441/4675] Built Mathlib.NumberTheory.Cyclotomic.PrimitiveRoots
✔ [4442/4675] Built Mathlib.MeasureTheory.Decomposition.Lebesgue
✔ [4443/4675] Built Mathlib.MeasureTheory.Function.ConditionalExpectation.Unique
✔ [4444/4675] Built Mathlib.Geometry.Manifold.MFDeriv.Basic
✔ [4445/4675] Built Mathlib.Geometry.Euclidean.Angle.Sphere
✔ [4446/4675] Built Mathlib.Analysis.Convex.Integral
✔ [4447/4675] Built Mathlib.MeasureTheory.Measure.ProbabilityMeasure
✔ [4448/4675] Built Mathlib.Probability.Integration
✔ [4449/4675] Built Mathlib.AlgebraicGeometry.Morphisms.FiniteType
✔ [4450/4675] Built Mathlib.AlgebraicGeometry.Morphisms.ClosedImmersion
✔ [4451/4675] Built Mathlib.MeasureTheory.Integral.Layercake
✔ [4452/4675] Built Mathlib.MeasureTheory.Group.GeometryOfNumbers
✔ [4453/4675] Built Mathlib.MeasureTheory.Integral.IntervalAverage
✔ [4454/4675] Built Mathlib.Analysis.SumIntegralComparisons
✔ [4455/4675] Built Mathlib.AlgebraicGeometry.Morphisms.QuasiSeparated
✔ [4456/4675] Built Mathlib.MeasureTheory.Integral.DominatedConvergence
✔ [4457/4675] Built Mathlib.Geometry.Manifold.MFDeriv.FDeriv
✔ [4458/4675] Built Mathlib.Geometry.Manifold.Sheaf.Smooth
✔ [4459/4675] Built Mathlib.MeasureTheory.Covering.Differentiation
✔ [4460/4675] Built Mathlib.Analysis.Complex.UpperHalfPlane.Manifold
✔ [4461/4675] Built Mathlib.NumberTheory.Cyclotomic.Gal
✔ [4462/4675] Built Mathlib.Geometry.Manifold.DerivationBundle
✔ [4463/4675] Built Mathlib.Algebra.Lie.Weights.Killing
✔ [4464/4675] Built Mathlib.MeasureTheory.Measure.DiracProba
✔ [4465/4675] Built Mathlib.MeasureTheory.Function.ConditionalExpectation.CondexpL2
✔ [4466/4675] Built Mathlib.Geometry.Manifold.VectorBundle.SmoothSection
✔ [4467/4675] Built Mathlib.MeasureTheory.Measure.FiniteMeasureProd
✔ [4468/4675] Built Mathlib.Algebra.Module.Zlattice.Basic
✔ [4469/4675] Built Mathlib.Probability.Kernel.MeasurableIntegral
✔ [4470/4675] Built Mathlib.Geometry.Manifold.Instances.Sphere
✔ [4471/4675] Built Mathlib.MeasureTheory.Measure.Portmanteau
✔ [4472/4675] Built Mathlib.MeasureTheory.Covering.DensityTheorem
✔ [4473/4675] Built Mathlib.Geometry.Manifold.MFDeriv.SpecificFunctions
✔ [4474/4675] Built Mathlib.MeasureTheory.Decomposition.SignedLebesgue
✔ [4475/4675] Built Mathlib.Geometry.Manifold.Sheaf.LocallyRingedSpace
✔ [4476/4675] Built Mathlib.MeasureTheory.Constructions.Prod.Integral
✔ [4477/4675] Built Mathlib.AlgebraicGeometry.Morphisms.Separated
✔ [4478/4675] Built Mathlib.MeasureTheory.Integral.FundThmCalculus
✔ [4479/4675] Built Mathlib.Analysis.Calculus.ParametricIntegral
✔ [4480/4675] Built Mathlib.MeasureTheory.Function.ConditionalExpectation.CondexpL1
✔ [4481/4675] Built Mathlib.Algebra.Module.Zlattice.Covolume
✔ [4482/4675] Built Mathlib.MeasureTheory.Measure.Haar.Quotient
✔ [4483/4675] Built Mathlib.Probability.Kernel.WithDensity
✔ [4484/4675] Built Mathlib.Geometry.Manifold.Algebra.LeftInvariantDerivation
✔ [4485/4675] Built Mathlib.Probability.Kernel.Composition
✔ [4486/4675] Built Mathlib.MeasureTheory.Covering.LiminfLimsup
✔ [4487/4675] Built Mathlib.Geometry.Manifold.MFDeriv.Atlas
✔ [4488/4675] Built Mathlib.MeasureTheory.Covering.OneDim
✔ [4489/4675] Built Mathlib.MeasureTheory.Integral.Pi
✔ [4490/4675] Built Mathlib.Analysis.SpecialFunctions.NonIntegrable
✔ [4491/4675] Built Mathlib.MeasureTheory.Covering.Besicovitch
✔ [4492/4675] Built Mathlib.Algebra.Lie.Weights.RootSystem
✔ [4493/4675] Built Mathlib.MeasureTheory.Decomposition.RadonNikodym
✔ [4494/4675] Built Mathlib.Analysis.Calculus.ParametricIntervalIntegral
✔ [4495/4675] Built Mathlib.NumberTheory.ModularForms.Basic
✔ [4496/4675] Built Mathlib.MeasureTheory.Measure.LevyProkhorovMetric
✔ [4497/4675] Built Mathlib.MeasureTheory.Function.ConditionalExpectation.Basic
✔ [4498/4675] Built Mathlib.Mathport.Syntax
✔ [4499/4675] Built Mathlib.Probability.Kernel.Invariance
✔ [4500/4675] Built Mathlib.Geometry.Manifold.MFDeriv.UniqueDifferential
✔ [4501/4675] Built Mathlib.MeasureTheory.Integral.DivergenceTheorem
✔ [4502/4675] Built Mathlib.Probability.Kernel.IntegralCompProd
✔ [4503/4675] Built Mathlib.Probability.Kernel.Disintegration.CdfToKernel
✔ [4504/4675] Built Mathlib.Analysis.Fourier.FourierTransform
✔ [4505/4675] Built Mathlib.Analysis.Calculus.Monotone
✔ [4506/4675] Built Mathlib.MeasureTheory.Measure.Tilted
✔ [4507/4675] Built Mathlib.MeasureTheory.Integral.Periodic
✔ [4508/4675] Built Mathlib.MeasureTheory.Covering.BesicovitchVectorSpace
✔ [4509/4675] Built Mathlib.MeasureTheory.Integral.CircleIntegral
✔ [4510/4675] Built Mathlib.MeasureTheory.Measure.Haar.Unique
✔ [4511/4675] Built Mathlib.Analysis.SpecialFunctions.Integrals
✔ [4512/4675] Built Mathlib.MeasureTheory.Measure.WithDensityFinite
✔ [4513/4675] Built Mathlib.Probability.Density
✔ [4514/4675] Built Mathlib.MeasureTheory.Function.ConditionalExpectation.Indicator
✔ [4515/4675] Built Mathlib.Probability.Notation
✔ [4516/4675] Built Mathlib.Probability.Kernel.MeasureCompProd
✔ [4517/4675] Built Mathlib.Probability.Kernel.Disintegration.CondCdf
✔ [4518/4675] Built Mathlib.Geometry.Manifold.Diffeomorph
✔ [4519/4675] Built Mathlib.MeasureTheory.Measure.LogLikelihoodRatio
✔ [4520/4675] Built Mathlib.Geometry.Manifold.ContMDiffMFDeriv
✔ [4521/4675] Built Mathlib.MeasureTheory.Integral.TorusIntegral
✔ [4522/4675] Built Mathlib.MeasureTheory.Group.AddCircle
✔ [4523/4675] Built Mathlib.MeasureTheory.Measure.Lebesgue.Integral
✔ [4524/4675] Built Mathlib.MeasureTheory.Integral.CircleTransform
✔ [4525/4675] Built Mathlib.Data.Real.Pi.Wallis
✔ [4526/4675] Built Mathlib.Analysis.SpecialFunctions.Pow.Integral
✔ [4527/4675] Built Mathlib.MeasureTheory.Measure.Haar.Disintegration
✔ [4528/4675] Built Mathlib.Analysis.Convolution
✔ [4529/4675] Built Mathlib.Analysis.ODE.PicardLindelof
✔ [4530/4675] Built Mathlib.NumberTheory.Harmonic.Bounds
✔ [4531/4675] Built Mathlib.Analysis.Fourier.AddCircle
✔ [4532/4675] Built Mathlib.Analysis.SpecialFunctions.Complex.LogBounds
✔ [4533/4675] Built Mathlib.Analysis.BoundedVariation
✔ [4534/4675] Built Mathlib.Analysis.SpecialFunctions.JapaneseBracket
✔ [4535/4675] Built Mathlib.MeasureTheory.Constructions.HaarToSphere
✔ [4536/4675] Built Mathlib.Probability.Cdf
✔ [4537/4675] Built Mathlib.Probability.Distributions.Geometric
✔ [4538/4675] Built Mathlib.Probability.Distributions.Poisson
✔ [4539/4675] Built Mathlib.Geometry.Manifold.LocalDiffeomorph
✔ [4540/4675] Built Mathlib.MeasureTheory.Function.ConditionalExpectation.Real
✔ [4541/4675] Built Mathlib.Probability.ConditionalExpectation
✔ [4542/4675] Built Mathlib.Probability.Variance
✔ [4543/4675] Built Mathlib.Dynamics.Ergodic.AddCircle
✔ [4544/4675] Built Mathlib.Probability.Distributions.Uniform
✔ [4545/4675] Built Mathlib.Analysis.Complex.CauchyIntegral
✔ [4546/4675] Built Mathlib.MeasureTheory.Function.Jacobian
✔ [4547/4675] Built Mathlib.Analysis.SpecialFunctions.Complex.Arctan
✔ [4548/4675] Built Mathlib.Analysis.ConstantSpeed
✔ [4549/4675] Built Mathlib.Analysis.SpecialFunctions.Stirling
✔ [4550/4675] Built Mathlib.Analysis.Fourier.RiemannLebesgueLemma
✔ [4551/4675] Built Mathlib.Probability.Process.Filtration
✔ [4552/4675] Built Mathlib.Probability.Moments
✔ [4553/4675] Built Mathlib.NumberTheory.ZetaValues
✔ [4554/4675] Built Mathlib.Geometry.Manifold.IntegralCurve
✔ [4555/4675] Built Mathlib.Probability.IdentDistrib
✔ [4556/4675] Built Mathlib.Analysis.Calculus.BumpFunction.Convolution
✔ [4557/4675] Built Mathlib.Analysis.Complex.TaylorSeries
✔ [4558/4675] Built Mathlib.Analysis.Calculus.BumpFunction.FiniteDimension
✔ [4559/4675] Built Mathlib.NumberTheory.WellApproximable
✔ [4560/4675] Built Mathlib.Analysis.SpecialFunctions.Complex.Analytic
✔ [4561/4675] Built Mathlib.Data.Real.Pi.Leibniz
✔ [4562/4675] Built Mathlib.Analysis.Complex.RemovableSingularity
✔ [4563/4675] Built Mathlib.Analysis.Complex.Liouville
✔ [4564/4675] Built Mathlib.Analysis.SpecialFunctions.PolarCoord
✔ [4565/4675] Built Mathlib.Probability.Process.PartitionFiltration
✔ [4566/4675] Built Mathlib.Analysis.Complex.AbsMax
✔ [4567/4675] Built Mathlib.Probability.Process.Adapted
✔ [4568/4675] Built Mathlib.Geometry.Manifold.BumpFunction
✔ [4569/4675] Built Mathlib.MeasureTheory.Integral.IntegralEqImproper
✔ [4570/4675] Built Mathlib.Analysis.Complex.OpenMapping
✔ [4571/4675] Built Mathlib.Analysis.Distribution.SchwartzSpace
✔ [4572/4675] Built Mathlib.Analysis.Complex.LocallyUniformLimit
✔ [4573/4675] Built Mathlib.Analysis.Complex.Schwarz
✔ [4574/4675] Built Mathlib.Geometry.Manifold.Complex
✔ [4575/4675] Built Mathlib.Probability.StrongLaw
✔ [4576/4675] Built Mathlib.Analysis.Complex.Polynomial
✔ [4577/4675] Built Mathlib.MeasureTheory.Integral.ExpDecay
✔ [4578/4675] Built Mathlib.Analysis.Complex.PhragmenLindelof
✔ [4579/4675] Built Mathlib.Analysis.SpecialFunctions.ImproperIntegrals
✔ [4580/4675] Built Mathlib.MeasureTheory.Integral.PeakFunction
✔ [4581/4675] Built Mathlib.Probability.Process.Stopping
✔ [4582/4675] Built Mathlib.NumberTheory.ModularForms.EisensteinSeries.MDifferentiable
✔ [4583/4675] Built Mathlib.Analysis.Calculus.LineDeriv.IntegrationByParts
✔ [4584/4675] Built Mathlib.NumberTheory.LSeries.Deriv
✔ [4585/4675] Built Mathlib.Analysis.Fourier.PoissonSummation
✔ [4586/4675] Built Mathlib.Geometry.Manifold.PartitionOfUnity
✔ [4587/4675] Built Mathlib.NumberTheory.LegendreSymbol.AddCharacter
✔ [4588/4675] Built Mathlib.Algebra.Polynomial.UnitTrinomial
✔ [4589/4675] Built Mathlib.Analysis.Complex.Hadamard
✔ [4590/4675] Built Mathlib.Probability.Process.HittingTime
✔ [4591/4675] Built Mathlib.Probability.Martingale.Basic
✔ [4592/4675] Built Mathlib.Analysis.MellinTransform
✔ [4593/4675] Built Mathlib.Analysis.SpecialFunctions.Trigonometric.EulerSineProd
✔ [4594/4675] Built Mathlib.Analysis.NormedSpace.Spectrum
✔ [4595/4675] Built Mathlib.Geometry.Manifold.WhitneyEmbedding
✔ [4596/4675] Built Mathlib.Analysis.Distribution.AEEqOfIntegralContDiff
✔ [4597/4675] Built Mathlib.NumberTheory.NumberField.Embeddings
✔ [4598/4675] Built Mathlib.Probability.Martingale.Centering
✔ [4599/4675] Built Mathlib.NumberTheory.GaussSum
✔ [4600/4675] Built Mathlib.RingTheory.Polynomial.Selmer
✔ [4601/4675] Built Mathlib.Probability.Martingale.OptionalStopping
✔ [4602/4675] Built Mathlib.Probability.Martingale.OptionalSampling
✔ [4603/4675] Built Mathlib.Probability.Martingale.Upcrossing
✔ [4604/4675] Built Mathlib.Analysis.SpecialFunctions.Gamma.Basic
✔ [4605/4675] Built Mathlib.NumberTheory.LSeries.AbstractFuncEq
✔ [4606/4675] Built Mathlib.Analysis.NormedSpace.Algebra
✔ [4607/4675] Built Mathlib.NumberTheory.NumberField.Units.Basic
✔ [4608/4675] Built Mathlib.NumberTheory.Cyclotomic.Embeddings
✔ [4609/4675] Built Mathlib.Analysis.NormedSpace.Star.Spectrum
✔ [4610/4675] Built Mathlib.NumberTheory.LegendreSymbol.QuadraticChar.GaussSum
✔ [4611/4675] Built Mathlib.NumberTheory.DirichletCharacter.GaussSum
✔ [4612/4675] Built Mathlib.Analysis.NormedSpace.Star.ContinuousFunctionalCalculus.Restrict
✔ [4613/4675] Built Mathlib.Analysis.Calculus.Rademacher
✔ [4614/4675] Built Mathlib.Probability.Martingale.Convergence
✔ [4615/4675] Built Mathlib.Analysis.Fourier.FourierTransformDeriv
✔ [4616/4675] Built Mathlib.Probability.Distributions.Gamma
✔ [4617/4675] Built Mathlib.Topology.ContinuousFunction.UniqueCFC
✔ [4618/4675] Built Mathlib.MeasureTheory.Integral.Gamma
✔ [4619/4675] Built Mathlib.NumberTheory.LegendreSymbol.QuadraticReciprocity
✔ [4620/4675] Built Mathlib.Probability.Distributions.Exponential
✔ [4621/4675] Built Mathlib.Analysis.SpecialFunctions.Gaussian.GaussianIntegral
✔ [4622/4675] Built Mathlib.NumberTheory.NumberField.CanonicalEmbedding.Basic
✔ [4623/4675] Built Mathlib.Probability.Martingale.BorelCantelli
✔ [4624/4675] Built Mathlib.NumberTheory.LegendreSymbol.JacobiSymbol
✔ [4625/4675] Built Mathlib.Analysis.SpecialFunctions.Gamma.BohrMollerup
✔ [4626/4675] Built Mathlib.Probability.Distributions.Gaussian
✔ [4627/4675] Built Mathlib.Analysis.NormedSpace.Star.GelfandDuality
✔ [4628/4675] Built Mathlib.Probability.BorelCantelli
✔ [4629/4675] Built Mathlib.Probability.Kernel.Disintegration.Density
✔ [4630/4675] Built Mathlib.Tactic.NormNum.LegendreSymbol
✔ [4631/4675] Built Mathlib.Analysis.SpecialFunctions.Gaussian.FourierTransform
✔ [4632/4675] Built Mathlib.Analysis.SpecialFunctions.Gamma.Beta
✔ [4633/4675] Built Mathlib.MeasureTheory.Measure.Lebesgue.VolumeOfBalls
✔ [4634/4675] Built Mathlib.Probability.Kernel.RadonNikodym
✔ [4635/4675] Built Mathlib.Probability.Kernel.Disintegration.Basic
✔ [4636/4675] Built Mathlib.Analysis.NormedSpace.Star.ContinuousFunctionalCalculus
✔ [4637/4675] Built Mathlib.Analysis.SpecialFunctions.Gaussian.PoissonSummation
✔ [4638/4675] Built Mathlib.Analysis.Fourier.Inversion
✔ [4639/4675] Built Mathlib.Analysis.SpecialFunctions.Gamma.Deligne
✔ [4640/4675] Built Mathlib.Probability.Kernel.Disintegration.Integral
✔ [4641/4675] Built Mathlib.Analysis.MellinInversion
✔ [4642/4675] Built Mathlib.Analysis.Distribution.FourierSchwartz
✔ [4643/4675] Built Mathlib.NumberTheory.LSeries.MellinEqDirichlet
✔ [4644/4675] Built Mathlib.NumberTheory.ModularForms.JacobiTheta.TwoVariable
✔ [4645/4675] Built Mathlib.Probability.Kernel.Disintegration.Unique
✔ [4646/4675] Built Mathlib.NumberTheory.Harmonic.GammaDeriv
✔ [4647/4675] Built Mathlib.NumberTheory.ModularForms.JacobiTheta.Bounds
✔ [4648/4675] Built Mathlib.NumberTheory.NumberField.CanonicalEmbedding.ConvexBody
✔ [4649/4675] Built Mathlib.NumberTheory.ModularForms.JacobiTheta.OneVariable
✔ [4650/4675] Built Mathlib.Probability.Kernel.CondDistrib
✔ [4651/4675] Built Mathlib.NumberTheory.LSeries.HurwitzZetaOdd
✔ [4652/4675] Built Mathlib.NumberTheory.LSeries.HurwitzZetaEven
✔ [4653/4675] Built Mathlib.Analysis.NormedSpace.Star.ContinuousFunctionalCalculus.Instances
✔ [4654/4675] Built Mathlib.NumberTheory.ModularForms.JacobiTheta.Manifold
✔ [4655/4675] Built Mathlib.Probability.Kernel.Condexp
✔ [4656/4675] Built Mathlib.NumberTheory.NumberField.Units.DirichletTheorem
✔ [4657/4675] Built Mathlib.NumberTheory.LSeries.HurwitzZeta
✔ [4658/4675] Built Mathlib.Analysis.NormedSpace.Star.ContinuousFunctionalCalculus.Order
✔ [4659/4675] Built Mathlib.Tactic
✔ [4660/4675] Built Mathlib.NumberTheory.LSeries.RiemannZeta
✔ [4661/4675] Built Mathlib.Probability.Independence.Conditional
✔ [4662/4675] Built Mathlib.NumberTheory.NumberField.Discriminant
✔ [4663/4675] Built Mathlib.NumberTheory.LSeries.HurwitzZetaValues
✔ [4664/4675] Built Mathlib.NumberTheory.EulerProduct.DirichletLSeries
✔ [4665/4675] Built Mathlib.NumberTheory.LSeries.Dirichlet
✔ [4666/4675] Built Mathlib.NumberTheory.Harmonic.ZetaAsymp
✔ [4667/4675] Built Mathlib.Probability.Independence.ZeroOne
✔ [4668/4675] Built Mathlib.NumberTheory.NumberField.ClassNumber
✔ [4669/4675] Built Mathlib.NumberTheory.Cyclotomic.Discriminant
✔ [4670/4675] Built Mathlib.NumberTheory.Cyclotomic.Rat
✔ [4671/4675] Built Mathlib.NumberTheory.Cyclotomic.PID
✔ [4672/4675] Built Mathlib.NumberTheory.FLT.Three
✔ [4673/4675] Built Mathlib.NumberTheory.Cyclotomic.Three
✔ [4674/4675] Built Mathlib
Build completed successfully.
